Add_Date,Add_Time,Advantage,Company,Degree,Description,Experience,Finance,Highlights,If_Intern,Income_Max(k),Income_Mid(k),Income_Min(k),Income_Range(k),Industry,Location,Path,Size,Sys_Date,Sys_Time,Tags,Title
20200202,00:00,微信支付海量数据 机器学习建模 黑产对抗,腾讯,本科,"工作职责：
基于腾讯海量微信和手Q支付数据进行风险分析和建模，研究十亿级用户支付行为，包括资金转账、商户消费等。使用机器学习算法建模（如评分卡、异常检测和时序分析等），挖掘账户存在的各种盗刷和反洗钱风险，对用户进行全方位画像，建立用户黑白标签体系，识别用户及商户风险类型和异常模式，使用复杂网络算法挖掘犯罪团伙及资金流，与风险策略专家和反洗钱专家一起合作，保障微信支付用户的资金安全和平台的健康运营

工作要求：
1、2年以上工作经验，熟悉分布式数据大数据处理，拥有hadoop(如hive)或spark工具使用经验；
2、熟练掌握常用的机器学习算法(如：分类、回归、聚类、异常检测等),对深度学习领域的CNN、RNN、LSTM有所了解，在NLP或社交网络分析算法上有研究者优先;
3、熟练使用Python、R、sas、scala等一种或多种编程语言
4、对熟悉黑产模式、拥有黑产对抗经验和反洗钱风险建模经验者优先
5、良好的分析问题和解决问题能力，自我驱动，并且具备较强的学习能力、创新应用能力及沟通协调能力",经验3-5年,上市公司,“微信支付海量数据 机器学习建模 黑产对抗”,0,40,30.0,20,20k-40k,社交,南油,https://www.lagou.com/jobs/6401669.html?show=40cfe90f40c445db9a11eb79a6550631,2000人以上,20200203,00:19:59,移动互联网 大数据 风控 第三方支付产品 分析师,风险建模分析师
20200202,00:00,鹅厂福利,腾讯,本科,"岗位职责：    
1、对个人支付账户进行深入调查、分析、定性，摸清交易背景及运作模式，掌握异常特征及风险水平，对风险账户进行相应处置；
2、对风险账户或异常账户进行扩散分析，了解特定群体账户大盘情况及风险规模，总结群体特征或运作模式，输出专项分析报告并提出处置方案，降低业务风险；
3、与其他安全团队保持沟通合作，不断丰富调查所需情报，提升调查分析的质量和效率；推动风险账户的线下打击与可疑账户处置方案的落地。

岗位要求：
1、本科及以上学历，2年以上反欺诈、反洗钱、案件调查、黑产打击等相关工作经验，对风险敏感，熟悉风险排查、案件调查、团伙挖掘等方法；
2、有大数据提取分析经验，熟练使用SQL，Python，Excel等分析工具的优先考虑；
3、对特定风险类型有丰富的分析或调查经验的优先考虑；
4、风险敏感度高，善于思考、分析、总结。有良好的学习能力、沟通技能，踏实肯干，有较强的团队合作精神和责任心。",经验3-5年,上市公司,“鹅厂福利”,0,25,20.0,15,15k-25k,社交,南油,https://www.lagou.com/jobs/6613989.html?show=40cfe90f40c445db9a11eb79a6550631,2000人以上,20200203,00:20:43,互联网金融 支付 风控 审核 风险分析,个人账户风险分析师
20200202,00:00,互联网金融、海量用户、发展空间大,腾讯,本科,"岗位职责：
通过分析海量用户和交易数据，研究各类洗钱风险、上游犯罪等行为模式，建立用户的可疑交易监测模型，提升平台的可疑交易识别能力，控制洗钱风险；针对不同的业务，进行可疑交易监测体系评估和建设，全面提升公司整体风险控制水平及技能。

岗位要求：
1、有3年以上工作经验，有大数据加工建模经验，熟悉Hadoop/spark等大数据计算平台者优先；
2、熟悉掌握各类机器学习算法，并有相关项目经验，熟悉团伙挖掘者优先；
3、熟练掌握scala、python、R、sas等一种或多种编程语言；
4、有反洗钱可疑交易建模经验者优先，有过挖掘或熟悉各类黑产模式者优先；",经验3-5年,上市公司,“互联网金融、海量用户、发展空间大”,0,40,30.0,20,20k-40k,社交,南油,https://www.lagou.com/jobs/6094875.html?show=40cfe90f40c445db9a11eb79a6550631,2000人以上,20200203,00:21:24,互联网金融 Hadoop Spark 数据挖掘 数据分析,反洗钱风险挖掘工程师
20200203,00:00,"五险一金,年终分红,免费班车",平安金服,本科,"工作职责
1.对平安集团内子公司（含资管、信托、证券、基金、不动产、银行、普惠、陆金所、租赁、寿险、产险、养老险、海外等）风险管理体系持续进行评估和督导管理，提升子公司风险管理能力。
2.对平安集团全量资产业务，如债权类（对公信贷、非标债权 等）、投资类（固收类、权益类） 等业务，进行风险评估、监测和预警，防范重大资产质量风险。
3.根据集团规划，开发和实施AI智能监测预警项目。
4.其他领导交办的事项。
任职要求
1.35周岁以下，全日制本科及以上学历，金融、金融工程、统计学、应用数学等专业优先。
2.具有6年及以上债权类（对公信贷、非标债权 等）、投资类（固收类、权益类等）业务评审、风险管理工作经验。
3.有风险管理项目经验，具备独立的风险分析、识别和管控能力。
4.工作主动性强，责任心强，积极向上，要求进步，有较强的抗压能力和沟通协调能力。",经验3-5年,上市公司,"“五险一金,年终分红,免费班车”",0,50,37.5,25,25k-50k,金融,福田区,https://www.lagou.com/jobs/6523994.html?show=40cfe90f40c445db9a11eb79a6550631,2000人以上,20200203,00:21:52,金融,1221JF-风险管理经理
20200203,00:00,"五险一金,带薪年假,定期体检,绩效奖金",平安金服,本科,"工作职责
1. 熟悉反洗钱法律法规，负责对反洗钱的监管新规进行解读和宣导；
2..负责督导和检视反洗钱相关制度、流程及管控措施的贯彻落实情况
3..在部门反洗钱集中监测和管理优化方向方面进行整体规划，并定期向公司管理层进行报告
4..根据管理层的要求对反洗钱工作进行整体统筹和规划，提出具有可行性的项目方案和建议、并协调相关方落实执行
5..定期优化和整理各类反洗钱风险量化指标，按要求完成数据分析、汇总和汇报工作
6.完成上级交办的其他事项
任职要求
1.全日制本科以上学历，法律、经济管理、金融、数理统计等相关专业
2.具备三年以上反洗钱合规管理工作经验
3.具备制裁合规风险监测和管控的工作经验，对境内境外制裁合规管控的风险点有较强的分析判断能力
4.备较好的公文表达和撰写水平，对反洗钱工作汇报材料具有较丰富的总结和提炼能力
5.具有良好的沟通、协调能力、书面及语言表达能力
6.具有较好的学习能力、团队合作意识强、具有反洗钱资格证书或金融行业从业证书者优先
5.掌握Word、Excel、PPT等主流文档处理工具，具备良好的逻辑思维、概述能力和文字功底，较强的PPT制作能力优先；
6、对反洗钱有良好的风险认知，有项目管理经验者优先。",经验3-5年,上市公司,"“五险一金,带薪年假,定期体检,绩效奖金”",0,25,20.0,15,15k-25k,金融,福田区,https://www.lagou.com/jobs/6772325.html?show=40cfe90f40c445db9a11eb79a6550631,2000人以上,20200203,00:22:30,金融 风控,123112-风险策略管控岗
20200203,00:00,"五险一金,带薪年假,定期体检,高温补贴",平安银行信用卡中心,本科,"工作职责
1.根据伪冒业务需要，跟进系统、产品项目，撰写系统需求说明书。
2.对IT已经开发完成的系统项目，配合IT进行测试，并完成测试报告。
3.监控所有业务项目的运营情况，对出现的进度、时效异常，跟进并及时解决问题。
4.负责编写各产品作业手册，对作业人员在产品应用方面的问题进行指导。
5.领导交办的其它工作。
任职要求
1.本科学历
2.1-3年相关工作经验
3、金融/计算机/统计相关专业优先",经验1年以下,上市公司,"“五险一金,带薪年假,定期体检,高温补贴”",0,16,14.0,12,12k-16k,金融,南山区,https://www.lagou.com/jobs/6164214.html?show=40cfe90f40c445db9a11eb79a6550631,500-2000人,20200203,00:23:00,金融 风险管理,BK22H8-伪冒风险管理团队风险产品规划岗
20200203,00:00,"五险一金,带薪年假,定期体检,绩效奖金",平安证券,硕士,"工作职责
1、根据公司战略、业务以及风险管理中长期发展需求，制定风险管理系统架构规划，持续优化全面风险管理平台，实现风险管理工作的全面数字化、线上化转型；
2、负责风险数据平台数据架构层次划分和主题模型规划设计，推动数据架构的落地实施及优化；
3、负责风险数据治理，建立风险数据资产管理体系，提升风险数据质量，确保风险数据的全面、及时、准确；
4、根据业务及风险管理的需求，提供面向业务及风险管理的OLAP、报表、数据提取等数据服务，深化风险数据应用；
5、应用人工智能、大数据、云计算等先进技术，持续优化风险管理的数字化转型。
任职要求
1、研究生及以上学历，计算机、金融、数学/统计等相关专业，5年以上相关工作经验；
2、具备企业系统架构规划和数据架构规划 能力；熟练掌握数据分析、数据挖掘的方法以及常用的数据分析工具；优秀的交互设计能力和数据可视化设计能力；
3、具备良好的数据敏感度和业务视野，能够敏锐地发现数据价值和业务问题/机遇；
4、具备较强的工作责任心和团队合作意识，抗压能力强，具有较强分析问题和解决问题的能力，具备良好的协调沟通能力；
5、具有咨询公司或金融机构企业级数据平台建设或全面风险管理平台建设经验者优先考虑。",经验5-10年,上市公司,"“五险一金,带薪年假,定期体检,绩效奖金”",0,30,25.0,20,20k-30k,金融,福田区,https://www.lagou.com/jobs/6177814.html?show=40cfe90f40c445db9a11eb79a6550631,2000人以上,20200203,00:23:32,金融,0521AI-风险数字化管理岗
20200203,00:00,"五险一金,绩效奖金,定期体检,带薪年假",平安证券,硕士,"工作职责
1、负责加强信息安全风险和IT运营安全风险的二道防线建设，包括完善关键风险指标的持续监控机制；督促相关部门及时分析原因、制定并落实风险应对整改措施；协调各相关方参与信息技术风险管理问题的沟通与整改等。
2、负责信息系统开发上线的风险管理评审，包括在新产品新业务系统或存量业务重大系统变更上线评审中增加风险管理评审，评审风险管理功能是否完备、权限清晰、能与业务系统同步上线、以及是否满足其他信息技术风险管理要求。
3、负责评估信息系统与相关业务恢复目标和恢复策略制定的合理性，对公司容灾方案、应急预案、应急演练等相关管理机制从人员、流程、制度等方面提出风险管理建议，确保与公司整体风险管理策略保持一致。
4、负责与公司信息技术部门协同加强信息技术风险文化宣导 。
5、负责与公司信息技术部门建立定期沟通机制，定期检视信息技术风险管理的重点难点，加强重点领域的信息技术风险管理，以适应内外部管理要求。
任职要求
1、研究生及以上学历，计算机、金融、风险等相关专业，5年以上相关工作经验；
2、具备信息技术开发、信息技术运行维护、信息安全、业务连续性计划与应急处置等领域的相关工作经验；
3、具有较强的风险与合规意识以及相关风险管理经验，熟悉信息系统项目管理全流程，掌握信息技术风险防范措施和监控手段；
4、具有良好的沟通、表达和协调能力，责任心强，能够承受较强的工作压力；
5、有信息系统项目管理经验以及业务连续性管理经验的优先考虑。",经验5-10年,上市公司,"“五险一金,绩效奖金,定期体检,带薪年假”",0,30,25.0,20,20k-30k,金融,福田区,https://www.lagou.com/jobs/6177818.html?show=40cfe90f40c445db9a11eb79a6550631,2000人以上,20200203,00:24:07,金融,0521AJ-信息技术风险管理岗
20200203,00:00,"五险一金,带薪年假,定期体检",平安金服,本科,"工作职责
1、负责数据清洗、数据平台维护及迭代，支持数据入库、分析加工、标签化等功能，推动数据在风险领域的应用。
2、负责数据ETL过程。
3、负责编写大数据产品需求文档，协调算法、研发、业务、测试团队，推动项目进度。
任职要求
1、本科及以上学历，计算机、数理统计、金融相关专业
2、三年及以上互联网或大数据公司从业经验，精通数据库底层架构，具备一定数据开发经验
3、具备ETL开发经验， 精通SQL及性能优化，熟悉MongoDB/Redis/ Hive/Hadoop/Spark
4、了解零售金融板块的用户画像的分析方法及业务逻辑，具有数据加工或者分析经验
5、有海量数据爬取、清洗、加工到应用的全流程项目经验者优先。",经验5-10年,上市公司,"“五险一金,带薪年假,定期体检”",0,50,37.5,25,25k-50k,金融,福田区,https://www.lagou.com/jobs/6524964.html?show=40cfe90f40c445db9a11eb79a6550631,2000人以上,20200203,00:24:39,大数据 数据挖掘,1221JK-风险管理部数据挖掘岗
20200203,00:00,"五险一金,餐补,高温补贴,带薪年假",平安银行信用卡中心,本科,"工作职责
1.根据客户资质，制定、实施我行信用卡客户的额度调整政策。
2、根据客户资质，制定、实施我行信用卡客户的分期产品政策。
3、通过分析我行客户的额度使用渠道，优化额度管理的各项政策（包括调额、分期等）
4、制定我行信用卡客户额度使用的差异化定价策略，提高整个信用卡客户组合的收益
5、及时完成领导交办的其他任务
任职要求
1.、本科学历
2、.1-3年相关工作经验",经验3-5年,上市公司,"“五险一金,餐补,高温补贴,带薪年假”",0,25,20.0,15,15k-25k,金融,南山区,https://www.lagou.com/jobs/6177138.html?show=40cfe90f40c445db9a11eb79a6550631,500-2000人,20200203,00:25:05,其他 信贷管理 风控,BK22I4-风险政策管理部组合管理岗
20200201,00:00,利益分享、股权激励、高薪,闻道资产管理,硕士,"工作职责:
1、建立证券投资风控体系；
2、根据投资组合做出风险预测，完善风控模型，对风控政策快速优化和完善，精通风控政策各要素组成、优化逻辑； 
3、有相关领域系统建设及系统化操作经验，负责对风控进行系统化建设和指导，要能具备通过量化程序来实施风控的能力；
4、制定风控管理部各项规章制度，并督促实施，取得较好效果； 
5、组织例会或参加公司各相关会议。

任职资格:
1、金融、数理统计、计算机等专业优先 ；
2、具有证券投资行业丰富的风控经验； 
3、在基金业协会进行高管备案者优先；    
4、良好的沟通协调能力、市场分析能力，广泛的信息、数据获取渠道；
5、必须要有基金从业资格证；
6、考过FRM二级或CFA二级者优先",经验3-5年,不需要融资,“利益分享、股权激励、高薪”,0,30,22.5,15,15k-30k,金融,大冲,https://www.lagou.com/jobs/6441213.html?show=40cfe90f40c445db9a11eb79a6550631,15-50人,20200203,00:25:46,基金,风险控制高级人才
20200201,00:00,"五险一金,员工旅游,年终奖金,定期体检",传易,本科,"工作职责:
1. 制订、实施与完善催收策略，参与策略开发，配合系统改造，组织落实策略实施；
2. 建立和完善贷后报表体系，负责数据的收集整理，制作和维护日常报表；
3. 监控风险指标，跟进和分析策略执行情况，提出策略优化建议；
4. 对于指标波动等情况进行数据分析，出具分析报告，提出有效建议。
任职资格:
1. 本科及以上学历
2. 金融、数学、统计、财务、经济学或其他相关专业优先；
3. 从事信用卡或零售风险催收尤其是电催策略分析工作经验1-2年以上；
4. 具备一定的数据分析能力，EXCEL应用熟练，信用卡及小贷业务基础知识扎实；
5. 熟练使用SQL提取数据，最少掌握一种分析工具Python、SAS、R；
6 .英语读写、口语能力强，具有留学经验优先。",经验1-3年,不需要融资,"“五险一金,员工旅游,年终奖金,定期体检”",0,25,20.0,15,15k-25k,"移动互联网,社交",南山区,https://www.lagou.com/jobs/6444635.html?show=40cfe90f40c445db9a11eb79a6550631,150-500人,20200203,00:26:30,互联网金融 风控 合规稽查,风险策略分析师(J10238)
20191220,00:00,"金融科技,风控",招商证券信息技术中心,本科,"职位描述：
1.深入研究公司风险管理体系，对公司风险管理信息系统（市场风险管理、信用风险管理、操作风险管理、经济资本计量等）进行整体规划、设计和研发；
2.配合公司风险管理部信息系统建设的需求整理、分析和开发；
3.负责风险管理系统的需求，分析、设计研发、投产上线等工作；
4.研究金融机构先进风险管理方法和工具，了解主流风险管理系统发展动态；
任职要求：
1、至少具备以下教育背景中的一种：信息管理与计算机科学类、数学类、统计类、计量经济学类等专业（硕士以上学历优先）；       
2、具备信息系统整体规划和设计经验，尤其金融机构信息系统；
3、  具备金融风险管理（例如市场、信用、操作等风险管理）知识，对金融市场及产品有较深入了解，熟悉证券公司业务和产品；
4、  掌握并能熟练运用现代量化风险管理方法和工具，熟悉金融资产估值定价模型，风险计量模型，有较强的量化统计分析能力和逻辑分析能力；
5、  具有良好的学习能力、沟通能力和项目管理能力，具有团队合作精神；
6、  具有金融风险建模和开发经验者优先，掌握至少一种主流数据分析工具，如SAS、MATLAB、R、Python等为佳；  
7、  具有CFA、FRM等资格者优先。",经验3-5年,上市公司,"“金融科技,风控”",0,35,27.5,20,20k-35k,"企业服务,其他",南山区,https://www.lagou.com/jobs/3907075.html?show=40cfe90f40c445db9a11eb79a6550631,2000人以上,20200203,00:27:03,金融 风控,风险管理产品规划岗
20200116,00:00,"精英团队,千万级用户,知识分享",中信银行信用卡中心,本科,"岗位职责:
1、参与内部信息科技风险建设、管理、控制工作；
2、对内外部审计暴露出的重大风险和问题点，组织并推动各部门改进；
3、规划、推动并跟进风险管理类系统的建设，协调解决建设问题，完善风险自动督查预警机制。

任职资格:
1、全日制大学本科及以上学历，计算机相关专业，具备3年以上项目开发经验；
2、有中、高、资深等岗位，对技术有热情、有较强的独立、主动学习能力，良好的沟通表达能力和团队协作能力；
3、熟悉主流开源数据库、中间件（MYSQL\Tomcat等）；
4、扎实的编程基础，熟练掌握Java语言，熟悉SpringBoot\Bach等开源框架。

【优先考虑】
1、具有金融、互联网行业经验者经验者优先；
2、具有Storm、Spark、Flink等大数据处理平台的使用者经验优先；
3、熟悉数据仓库模型，有用户画像构建应用实战经验、数据挖掘实践经验优先，擅长从海量数据中发现有价值的规律。",经验3-5年,上市公司,"“精英团队,千万级用户,知识分享”",0,30,25.0,20,20k-30k,"移动互联网,金融",福田区,https://www.lagou.com/jobs/6770601.html?show=40cfe90f40c445db9a11eb79a6550631,2000人以上,20200203,00:27:32,银行,IT风险管理(006319)
20200117,00:00,行业翘楚 精英相伴 卓越培训 探索创新,PWC,本科,"Location: 广州、深圳

Responsibilities:

As a Senior Associate, you’ll work as part of a team of problem solvers with extensive consulting and industry experience, helping our clients solve their complex business issues from strategy to execution. Specific responsibilities include but are not limited to:
Proactively assist in the management of several clients, while reporting to Managers and above；
Train and lead staff；
Establish effective working relationships directly with clients；
Contribute to the development of your own and team’s technical acumen；
Keep up to date with local and national business and economic issues；
Be actively involved in business development activities to help identify and research opportunities on new/existing clients；
Continue to develop internal relationships and your PwC brand.

工作职责:

对大数据平台进行数据安全技术测试和检查;
梳理客户相关系统的数据架构、权限体系、流转方式，参与数据安全标准规范的制定和管理，包括数据安全需求识别、风险分析、数据脱敏、数据流转、泄露防护、权限管控等；
结合客户数据管理现状，设计数据安全保护方案，包括数据安全措施实施、数据安全产品选型及落地等。
针对客户现状出具技术建议和管理建议。

岗位要求:

三年以上相关经验，了解MySQL、MariaDB或SQLite等常用关系型数据库，及基本的数据库查询及操作语言；了解大数据技术相关知识，如hadoop基本架构、hadoop组件功能、hadoop安全机制等。
了解各种数据安全产品，有大数据分析和数据防泄漏经验者优先；
有数据流转、敏感数据的数据安全梳理、数据访问审计及脱敏等项目经验的优先；
了解数据隐私安全技术，如K匿名、L多样性、差分隐私等，有具体生产实践者优先；
拥有良好的教育背景、理解能力和自我学习能力",经验3-5年,不需要融资,“行业翘楚 精英相伴 卓越培训 探索创新”,0,20,17.5,15,15k-20k,金融,东门,https://www.lagou.com/jobs/6736086.html?show=40cfe90f40c445db9a11eb79a6550631,2000人以上,20200203,00:27:55,数据分析,高级顾问（数据安全）- 风险及控制部门
20200202,00:00,微信支付海量数据 机器学习建模 黑产对抗,腾讯,本科,"工作职责：
基于腾讯海量微信和手Q支付数据进行风险分析和建模，研究十亿级用户支付行为，包括资金转账、商户消费等。使用机器学习算法建模（如评分卡、异常检测和时序分析等），挖掘账户存在的各种盗刷和反洗钱风险，对用户进行全方位画像，建立用户黑白标签体系，识别用户及商户风险类型和异常模式，使用复杂网络算法挖掘犯罪团伙及资金流，与风险策略专家和反洗钱专家一起合作，保障微信支付用户的资金安全和平台的健康运营

工作要求：
1、2年以上工作经验，熟悉分布式数据大数据处理，拥有hadoop(如hive)或spark工具使用经验；
2、熟练掌握常用的机器学习算法(如：分类、回归、聚类、异常检测等),对深度学习领域的CNN、RNN、LSTM有所了解，在NLP或社交网络分析算法上有研究者优先;
3、熟练使用Python、R、sas、scala等一种或多种编程语言
4、对熟悉黑产模式、拥有黑产对抗经验和反洗钱风险建模经验者优先
5、良好的分析问题和解决问题能力，自我驱动，并且具备较强的学习能力、创新应用能力及沟通协调能力",经验3-5年,上市公司,“微信支付海量数据 机器学习建模 黑产对抗”,0,40,30.0,20,20k-40k,社交,南油,https://www.lagou.com/jobs/6401669.html?show=9c4b301bf5e447029054d059bd2793b6,2000人以上,20200203,00:28:49,移动互联网 大数据 风控 第三方支付产品 分析师,风险建模分析师
20200202,00:00,鹅厂福利,腾讯,本科,"岗位职责：    
1、对个人支付账户进行深入调查、分析、定性，摸清交易背景及运作模式，掌握异常特征及风险水平，对风险账户进行相应处置；
2、对风险账户或异常账户进行扩散分析，了解特定群体账户大盘情况及风险规模，总结群体特征或运作模式，输出专项分析报告并提出处置方案，降低业务风险；
3、与其他安全团队保持沟通合作，不断丰富调查所需情报，提升调查分析的质量和效率；推动风险账户的线下打击与可疑账户处置方案的落地。

岗位要求：
1、本科及以上学历，2年以上反欺诈、反洗钱、案件调查、黑产打击等相关工作经验，对风险敏感，熟悉风险排查、案件调查、团伙挖掘等方法；
2、有大数据提取分析经验，熟练使用SQL，Python，Excel等分析工具的优先考虑；
3、对特定风险类型有丰富的分析或调查经验的优先考虑；
4、风险敏感度高，善于思考、分析、总结。有良好的学习能力、沟通技能，踏实肯干，有较强的团队合作精神和责任心。",经验3-5年,上市公司,“鹅厂福利”,0,25,20.0,15,15k-25k,社交,南油,https://www.lagou.com/jobs/6613989.html?show=9c4b301bf5e447029054d059bd2793b6,2000人以上,20200203,00:29:17,互联网金融 支付 风控 审核 风险分析,个人账户风险分析师
20200202,00:00,优质平台、海量数据、海量用户,腾讯,本科,"岗位职责：    
1、通过风险案例深入分析挖掘资金流特征，快速开发有效策略与模型并部署上线，减少风险案例的发生 ，同时能基于风险案例的演变迅速迭代策略，控制风险大盘 ； 
2、通过分析海量交易数据，运用各种有监督及无监督的机器学习算法建立客户交易的风险评级模型，并推动评级落地及在业务侧的应用； 
3、能基于一类风险案例的深入研究，寻求共性特征，构建识别模型，从而实现对该类风险大盘的摸底； 
4、不定期特定风险交易专题分析及报告输出。
    岗位要求：    
1、 2年以上大数据分析及建模经验，个别优秀者可适当放宽； 2、 熟悉hadoop/spark等大数据计算平台优先； 
3、 熟悉与掌握常见机器学习算法，如GBDT、xgboost、社团网络、逻辑回归等，有相关项目经验者优先； 
4、 熟练掌握一种或多种编程语言，包括scala、python、sas、R等； 
5、 逻辑思维能力强，对数据敏感，有洞察力，细心、认真； 6、 良好的沟通与表达能力，抗压能力强，适应快节奏的工作。
   ",经验3-5年,上市公司,“优质平台、海量数据、海量用户”,0,36,27.0,18,18k-36k,社交,南油,https://www.lagou.com/jobs/6422023.html?show=9c4b301bf5e447029054d059bd2793b6,2000人以上,20200203,00:29:48,支付 数据挖掘 Hadoop Spark Scala,支付风险模型工程师
20200203,00:00,"五险一金,带薪年假,定期体检,绩效奖金",平安金服,本科,"工作职责
1. 熟悉反洗钱法律法规，负责对反洗钱的监管新规进行解读和宣导；
2..负责督导和检视反洗钱相关制度、流程及管控措施的贯彻落实情况
3..在部门反洗钱集中监测和管理优化方向方面进行整体规划，并定期向公司管理层进行报告
4..根据管理层的要求对反洗钱工作进行整体统筹和规划，提出具有可行性的项目方案和建议、并协调相关方落实执行
5..定期优化和整理各类反洗钱风险量化指标，按要求完成数据分析、汇总和汇报工作
6.完成上级交办的其他事项
任职要求
1.全日制本科以上学历，法律、经济管理、金融、数理统计等相关专业
2.具备三年以上反洗钱合规管理工作经验
3.具备制裁合规风险监测和管控的工作经验，对境内境外制裁合规管控的风险点有较强的分析判断能力
4.备较好的公文表达和撰写水平，对反洗钱工作汇报材料具有较丰富的总结和提炼能力
5.具有良好的沟通、协调能力、书面及语言表达能力
6.具有较好的学习能力、团队合作意识强、具有反洗钱资格证书或金融行业从业证书者优先
5.掌握Word、Excel、PPT等主流文档处理工具，具备良好的逻辑思维、概述能力和文字功底，较强的PPT制作能力优先；
6、对反洗钱有良好的风险认知，有项目管理经验者优先。",经验3-5年,上市公司,"“五险一金,带薪年假,定期体检,绩效奖金”",0,25,20.0,15,15k-25k,金融,福田区,https://www.lagou.com/jobs/6772325.html?show=9c4b301bf5e447029054d059bd2793b6,2000人以上,20200203,00:30:20,金融 风控,123112-风险策略管控岗
20200203,00:00,"五险一金,年终分红,免费班车",平安金服,本科,"工作职责
1.对平安集团内子公司（含资管、信托、证券、基金、不动产、银行、普惠、陆金所、租赁、寿险、产险、养老险、海外等）风险管理体系持续进行评估和督导管理，提升子公司风险管理能力。
2.对平安集团全量资产业务，如债权类（对公信贷、非标债权 等）、投资类（固收类、权益类） 等业务，进行风险评估、监测和预警，防范重大资产质量风险。
3.根据集团规划，开发和实施AI智能监测预警项目。
4.其他领导交办的事项。
任职要求
1.35周岁以下，全日制本科及以上学历，金融、金融工程、统计学、应用数学等专业优先。
2.具有6年及以上债权类（对公信贷、非标债权 等）、投资类（固收类、权益类等）业务评审、风险管理工作经验。
3.有风险管理项目经验，具备独立的风险分析、识别和管控能力。
4.工作主动性强，责任心强，积极向上，要求进步，有较强的抗压能力和沟通协调能力。",经验3-5年,上市公司,"“五险一金,年终分红,免费班车”",0,50,37.5,25,25k-50k,金融,福田区,https://www.lagou.com/jobs/6523994.html?show=9c4b301bf5e447029054d059bd2793b6,2000人以上,20200203,00:30:43,金融,1221JF-风险管理经理
20200203,00:00,"五险一金,带薪年假,定期体检,高温补贴",平安银行信用卡中心,本科,"工作职责
1.根据伪冒业务需要，跟进系统、产品项目，撰写系统需求说明书。
2.对IT已经开发完成的系统项目，配合IT进行测试，并完成测试报告。
3.监控所有业务项目的运营情况，对出现的进度、时效异常，跟进并及时解决问题。
4.负责编写各产品作业手册，对作业人员在产品应用方面的问题进行指导。
5.领导交办的其它工作。
任职要求
1.本科学历
2.1-3年相关工作经验
3、金融/计算机/统计相关专业优先",经验1年以下,上市公司,"“五险一金,带薪年假,定期体检,高温补贴”",0,16,14.0,12,12k-16k,金融,南山区,https://www.lagou.com/jobs/6164214.html?show=9c4b301bf5e447029054d059bd2793b6,500-2000人,20200203,00:31:24,金融 风险管理,BK22H8-伪冒风险管理团队风险产品规划岗
20200203,00:00,"五险一金,带薪年假,定期体检,绩效奖金",平安证券,硕士,"工作职责
1、根据公司战略、业务以及风险管理中长期发展需求，制定风险管理系统架构规划，持续优化全面风险管理平台，实现风险管理工作的全面数字化、线上化转型；
2、负责风险数据平台数据架构层次划分和主题模型规划设计，推动数据架构的落地实施及优化；
3、负责风险数据治理，建立风险数据资产管理体系，提升风险数据质量，确保风险数据的全面、及时、准确；
4、根据业务及风险管理的需求，提供面向业务及风险管理的OLAP、报表、数据提取等数据服务，深化风险数据应用；
5、应用人工智能、大数据、云计算等先进技术，持续优化风险管理的数字化转型。
任职要求
1、研究生及以上学历，计算机、金融、数学/统计等相关专业，5年以上相关工作经验；
2、具备企业系统架构规划和数据架构规划 能力；熟练掌握数据分析、数据挖掘的方法以及常用的数据分析工具；优秀的交互设计能力和数据可视化设计能力；
3、具备良好的数据敏感度和业务视野，能够敏锐地发现数据价值和业务问题/机遇；
4、具备较强的工作责任心和团队合作意识，抗压能力强，具有较强分析问题和解决问题的能力，具备良好的协调沟通能力；
5、具有咨询公司或金融机构企业级数据平台建设或全面风险管理平台建设经验者优先考虑。",经验5-10年,上市公司,"“五险一金,带薪年假,定期体检,绩效奖金”",0,30,25.0,20,20k-30k,金融,福田区,https://www.lagou.com/jobs/6177814.html?show=9c4b301bf5e447029054d059bd2793b6,2000人以上,20200203,00:32:03,金融,0521AI-风险数字化管理岗
20200203,00:00,"五险一金,绩效奖金,定期体检,带薪年假",平安证券,硕士,"工作职责
1、负责加强信息安全风险和IT运营安全风险的二道防线建设，包括完善关键风险指标的持续监控机制；督促相关部门及时分析原因、制定并落实风险应对整改措施；协调各相关方参与信息技术风险管理问题的沟通与整改等。
2、负责信息系统开发上线的风险管理评审，包括在新产品新业务系统或存量业务重大系统变更上线评审中增加风险管理评审，评审风险管理功能是否完备、权限清晰、能与业务系统同步上线、以及是否满足其他信息技术风险管理要求。
3、负责评估信息系统与相关业务恢复目标和恢复策略制定的合理性，对公司容灾方案、应急预案、应急演练等相关管理机制从人员、流程、制度等方面提出风险管理建议，确保与公司整体风险管理策略保持一致。
4、负责与公司信息技术部门协同加强信息技术风险文化宣导 。
5、负责与公司信息技术部门建立定期沟通机制，定期检视信息技术风险管理的重点难点，加强重点领域的信息技术风险管理，以适应内外部管理要求。
任职要求
1、研究生及以上学历，计算机、金融、风险等相关专业，5年以上相关工作经验；
2、具备信息技术开发、信息技术运行维护、信息安全、业务连续性计划与应急处置等领域的相关工作经验；
3、具有较强的风险与合规意识以及相关风险管理经验，熟悉信息系统项目管理全流程，掌握信息技术风险防范措施和监控手段；
4、具有良好的沟通、表达和协调能力，责任心强，能够承受较强的工作压力；
5、有信息系统项目管理经验以及业务连续性管理经验的优先考虑。",经验5-10年,上市公司,"“五险一金,绩效奖金,定期体检,带薪年假”",0,30,25.0,20,20k-30k,金融,福田区,https://www.lagou.com/jobs/6177818.html?show=9c4b301bf5e447029054d059bd2793b6,2000人以上,20200203,00:32:34,金融,0521AJ-信息技术风险管理岗
20200203,00:00,"五险一金,带薪年假,定期体检",平安金服,本科,"工作职责
1、负责数据清洗、数据平台维护及迭代，支持数据入库、分析加工、标签化等功能，推动数据在风险领域的应用。
2、负责数据ETL过程。
3、负责编写大数据产品需求文档，协调算法、研发、业务、测试团队，推动项目进度。
任职要求
1、本科及以上学历，计算机、数理统计、金融相关专业
2、三年及以上互联网或大数据公司从业经验，精通数据库底层架构，具备一定数据开发经验
3、具备ETL开发经验， 精通SQL及性能优化，熟悉MongoDB/Redis/ Hive/Hadoop/Spark
4、了解零售金融板块的用户画像的分析方法及业务逻辑，具有数据加工或者分析经验
5、有海量数据爬取、清洗、加工到应用的全流程项目经验者优先。",经验5-10年,上市公司,"“五险一金,带薪年假,定期体检”",0,50,37.5,25,25k-50k,金融,福田区,https://www.lagou.com/jobs/6524964.html?show=9c4b301bf5e447029054d059bd2793b6,2000人以上,20200203,00:33:15,大数据 数据挖掘,1221JK-风险管理部数据挖掘岗
20200203,00:00,"五险一金,餐补,高温补贴,带薪年假",平安银行信用卡中心,本科,"工作职责
1.根据客户资质，制定、实施我行信用卡客户的额度调整政策。
2、根据客户资质，制定、实施我行信用卡客户的分期产品政策。
3、通过分析我行客户的额度使用渠道，优化额度管理的各项政策（包括调额、分期等）
4、制定我行信用卡客户额度使用的差异化定价策略，提高整个信用卡客户组合的收益
5、及时完成领导交办的其他任务
任职要求
1.、本科学历
2、.1-3年相关工作经验",经验3-5年,上市公司,"“五险一金,餐补,高温补贴,带薪年假”",0,25,20.0,15,15k-25k,金融,南山区,https://www.lagou.com/jobs/6177138.html?show=9c4b301bf5e447029054d059bd2793b6,500-2000人,20200203,00:33:53,其他 信贷管理 风控,BK22I4-风险政策管理部组合管理岗
20200201,00:00,利益分享、股权激励、高薪,闻道资产管理,硕士,"工作职责:
1、建立证券投资风控体系；
2、根据投资组合做出风险预测，完善风控模型，对风控政策快速优化和完善，精通风控政策各要素组成、优化逻辑； 
3、有相关领域系统建设及系统化操作经验，负责对风控进行系统化建设和指导，要能具备通过量化程序来实施风控的能力；
4、制定风控管理部各项规章制度，并督促实施，取得较好效果； 
5、组织例会或参加公司各相关会议。

任职资格:
1、金融、数理统计、计算机等专业优先 ；
2、具有证券投资行业丰富的风控经验； 
3、在基金业协会进行高管备案者优先；    
4、良好的沟通协调能力、市场分析能力，广泛的信息、数据获取渠道；
5、必须要有基金从业资格证；
6、考过FRM二级或CFA二级者优先",经验3-5年,不需要融资,“利益分享、股权激励、高薪”,0,30,22.5,15,15k-30k,金融,大冲,https://www.lagou.com/jobs/6441213.html?show=9c4b301bf5e447029054d059bd2793b6,15-50人,20200203,00:34:17,基金,风险控制高级人才
20200201,00:00,"五险一金,员工旅游,年终奖金,定期体检",传易,本科,"工作职责:
1. 制订、实施与完善催收策略，参与策略开发，配合系统改造，组织落实策略实施；
2. 建立和完善贷后报表体系，负责数据的收集整理，制作和维护日常报表；
3. 监控风险指标，跟进和分析策略执行情况，提出策略优化建议；
4. 对于指标波动等情况进行数据分析，出具分析报告，提出有效建议。
任职资格:
1. 本科及以上学历
2. 金融、数学、统计、财务、经济学或其他相关专业优先；
3. 从事信用卡或零售风险催收尤其是电催策略分析工作经验1-2年以上；
4. 具备一定的数据分析能力，EXCEL应用熟练，信用卡及小贷业务基础知识扎实；
5. 熟练使用SQL提取数据，最少掌握一种分析工具Python、SAS、R；
6 .英语读写、口语能力强，具有留学经验优先。",经验1-3年,不需要融资,"“五险一金,员工旅游,年终奖金,定期体检”",0,25,20.0,15,15k-25k,"移动互联网,社交",南山区,https://www.lagou.com/jobs/6444635.html?show=9c4b301bf5e447029054d059bd2793b6,150-500人,20200203,00:34:57,互联网金融 风控 合规稽查,风险策略分析师(J10238)
20200107,00:00,"节日福利多,涨薪快,平台大,晋升空间大",随手科技,本科,"岗位职责：
1、协助进行风险策略建设和调优，包括样本及变量清洗、单变量效用分析、策略规则部署上线及监控等；
2、监控风险策略效果、各资信变量效果，支持策略迭代和优化工作；
3、协助进行风险建模工作，包括样本筛选、特征工程、建模及验证、结果汇报、部署上线测试及监控等；
4、参与信贷产品风险管理的系统流程建设；
5、完成领导安排的其他工作。

任职要求：
A、工作努力责任心强，工作态度严谨，注意细节；
B、熟练掌握SQL、Excel；掌握至少一种数据分析工具，如SAS/R/PYTHON等；
C、有较强的逻辑思维、分析能力和执行力；善于与人沟通，优秀的团队合作意识和高度的责任感，具有创业精神；能在必要时承受一定的高强度工作者优先。
D、熟悉决策树、XGBOOST等模型者优先。",经验3-5年,C轮,"“节日福利多,涨薪快,平台大,晋升空间大”",0,30,22.5,15,15k-30k,金融,大冲,https://www.lagou.com/jobs/6285563.html?show=9c4b301bf5e447029054d059bd2793b6,500-2000人,20200203,00:35:21,风控 策略设计 分析师,高级风险策略分析师
20191220,00:00,"金融科技,风控",招商证券信息技术中心,本科,"职位描述：
1.深入研究公司风险管理体系，对公司风险管理信息系统（市场风险管理、信用风险管理、操作风险管理、经济资本计量等）进行整体规划、设计和研发；
2.配合公司风险管理部信息系统建设的需求整理、分析和开发；
3.负责风险管理系统的需求，分析、设计研发、投产上线等工作；
4.研究金融机构先进风险管理方法和工具，了解主流风险管理系统发展动态；
任职要求：
1、至少具备以下教育背景中的一种：信息管理与计算机科学类、数学类、统计类、计量经济学类等专业（硕士以上学历优先）；       
2、具备信息系统整体规划和设计经验，尤其金融机构信息系统；
3、  具备金融风险管理（例如市场、信用、操作等风险管理）知识，对金融市场及产品有较深入了解，熟悉证券公司业务和产品；
4、  掌握并能熟练运用现代量化风险管理方法和工具，熟悉金融资产估值定价模型，风险计量模型，有较强的量化统计分析能力和逻辑分析能力；
5、  具有良好的学习能力、沟通能力和项目管理能力，具有团队合作精神；
6、  具有金融风险建模和开发经验者优先，掌握至少一种主流数据分析工具，如SAS、MATLAB、R、Python等为佳；  
7、  具有CFA、FRM等资格者优先。",经验3-5年,上市公司,"“金融科技,风控”",0,35,27.5,20,20k-35k,"企业服务,其他",南山区,https://www.lagou.com/jobs/3907075.html?show=9c4b301bf5e447029054d059bd2793b6,2000人以上,20200203,00:35:55,金融 风控,风险管理产品规划岗
20200116,00:00,"精英团队,千万级用户,知识分享",中信银行信用卡中心,本科,"岗位职责:
1、参与内部信息科技风险建设、管理、控制工作；
2、对内外部审计暴露出的重大风险和问题点，组织并推动各部门改进；
3、规划、推动并跟进风险管理类系统的建设，协调解决建设问题，完善风险自动督查预警机制。

任职资格:
1、全日制大学本科及以上学历，计算机相关专业，具备3年以上项目开发经验；
2、有中、高、资深等岗位，对技术有热情、有较强的独立、主动学习能力，良好的沟通表达能力和团队协作能力；
3、熟悉主流开源数据库、中间件（MYSQL\Tomcat等）；
4、扎实的编程基础，熟练掌握Java语言，熟悉SpringBoot\Bach等开源框架。

【优先考虑】
1、具有金融、互联网行业经验者经验者优先；
2、具有Storm、Spark、Flink等大数据处理平台的使用者经验优先；
3、熟悉数据仓库模型，有用户画像构建应用实战经验、数据挖掘实践经验优先，擅长从海量数据中发现有价值的规律。",经验3-5年,上市公司,"“精英团队,千万级用户,知识分享”",0,30,25.0,20,20k-30k,"移动互联网,金融",福田区,https://www.lagou.com/jobs/6770601.html?show=9c4b301bf5e447029054d059bd2793b6,2000人以上,20200203,00:36:30,银行,IT风险管理(006319)
20200107,00:00,"节日福利多,涨薪快,平台大,晋升空间大",随手科技,本科,"岗位职责:
1. 制定相应的信用风险策略、反欺诈策略、信贷审批流程，控制信贷风险，提高信贷产品的盈利能力；
2. 通过数据分析，撰写风险政策分析报告，跟踪政策的效果和执行情况，提出改善措施并实施；
3．对大数据及各类征信数据进行分析，挖掘各类用户特征，发现潜在的异常用户行为并从多个角度对用户进行量化分析，实现对用户不良行为的自动识别。
4、搭建并优化风险模型；
5. 跨部门合作沟通及外部合作伙伴的项目沟通等。

任职资格:
1. 本科以上学历，统计学、计量经济学、数学、计算机、金融相关专业；
2. 三年以上同业（银行、信用卡、消费金融、互联网金融）风险策略或风险模型相关经验；
3. 熟练使用PYTHON、SAS等数据分析软件；
4. 具有较强文字表达能力及熟练数据分析解读经验；
5. 性格开朗、工作主动细致、善于沟通，能够承受较大的工作压力。",经验3-5年,C轮,"“节日福利多,涨薪快,平台大,晋升空间大”",0,30,22.5,15,15k-30k,金融,科技园,https://www.lagou.com/jobs/5392073.html?show=9c4b301bf5e447029054d059bd2793b6,500-2000人,20200203,00:37:36,风控,风险策略分析师
20200117,00:00,行业翘楚 精英相伴 卓越培训 探索创新,PWC,本科,"Location: 广州、深圳

Responsibilities:

As a Senior Associate, you’ll work as part of a team of problem solvers with extensive consulting and industry experience, helping our clients solve their complex business issues from strategy to execution. Specific responsibilities include but are not limited to:
Proactively assist in the management of several clients, while reporting to Managers and above；
Train and lead staff；
Establish effective working relationships directly with clients；
Contribute to the development of your own and team’s technical acumen；
Keep up to date with local and national business and economic issues；
Be actively involved in business development activities to help identify and research opportunities on new/existing clients；
Continue to develop internal relationships and your PwC brand.

工作职责:

对大数据平台进行数据安全技术测试和检查;
梳理客户相关系统的数据架构、权限体系、流转方式，参与数据安全标准规范的制定和管理，包括数据安全需求识别、风险分析、数据脱敏、数据流转、泄露防护、权限管控等；
结合客户数据管理现状，设计数据安全保护方案，包括数据安全措施实施、数据安全产品选型及落地等。
针对客户现状出具技术建议和管理建议。

岗位要求:

三年以上相关经验，了解MySQL、MariaDB或SQLite等常用关系型数据库，及基本的数据库查询及操作语言；了解大数据技术相关知识，如hadoop基本架构、hadoop组件功能、hadoop安全机制等。
了解各种数据安全产品，有大数据分析和数据防泄漏经验者优先；
有数据流转、敏感数据的数据安全梳理、数据访问审计及脱敏等项目经验的优先；
了解数据隐私安全技术，如K匿名、L多样性、差分隐私等，有具体生产实践者优先；
拥有良好的教育背景、理解能力和自我学习能力",经验3-5年,不需要融资,“行业翘楚 精英相伴 卓越培训 探索创新”,0,20,17.5,15,15k-20k,金融,东门,https://www.lagou.com/jobs/6736086.html?show=9c4b301bf5e447029054d059bd2793b6,2000人以上,20200203,00:38:14,数据分析,高级顾问（数据安全）- 风险及控制部门
20200117,00:00,行业翘楚 精英相伴 卓越培训 探索创新,PWC,本科,"Location: 广州、深圳

工作职责：

跟踪行业隐私保护合规动态，开展国内外隐私保护合规立法研究。
协助客户搭建隐私及数据保护管理体系，开展隐私保护合规风险评估及相关规范制度审查，提供差距分析及合规整改建议。
协助客户开展海外子公司法律合规风险梳理工作，提出海外子公司设立法律合规建议。
为客户提供隐私保护合规咨询，确保客户公司业务开展满足国内外监管机构要求。


岗位要求：

985&211院校法律专业，硕士以上学历（含法律硕士）。
通过国家司法考试者优先。
有1-2年大型企业隐私及数据保护相关经验，优秀应届毕业生也可。
可以英语为工作语言。
良好的文字表达、沟通能力、善于协调多部门联动工作。",经验1-3年,不需要融资,“行业翘楚 精英相伴 卓越培训 探索创新”,0,20,15.0,10,10k-20k,金融,东门,https://www.lagou.com/jobs/6737707.html?show=9c4b301bf5e447029054d059bd2793b6,2000人以上,20200203,00:38:39,律师,顾问/高级顾问-隐私保护（法律方向） -风险及控制
20200117,00:00,行业翘楚 精英相伴 卓越培训 探索创新,PWC,本科,"Location: 广州、深圳

Job Responsibilities:

We are currently looking for individuals with strong security operation and incident response background. 
Deliver secuirty operation relevant consulting service such as planing, build and maturity imporvement.；
Communicate with client on technial solution and report to management team;
目前，我们正在招聘在安全运营及应急响应领域具有丰富经验的人士，具体职责包括：
负责提供安全运营中心规划、搭建及成熟度提升等实际咨询服务交付工作；
针对安全运营负责与客户进行技术交流及向客户管理层进行技术方案与项目成果汇报；
 
Requirements:

University degree majoring in information security, computer science, software engineering etc.;
Have hands-on experience on SOC building and operation, such as conducting security incident reponse and building internal procedure;
Familiar with major SIEM product and follow the development trend of SOC;
Familiar with seucrity tools like firewall, HIDS/NIDS etc. and common attack;
Familiar with ATT&CK of MITRE;
Able to interact with executive levels of client and firm management;
Effective project management, interpersonal and influencing skills are essential; and
Able to adapt consulting working style and flexibility to travel to out-of-town engagements.
Submitted critical/high vulnerabilities in major SRC platform is a plus.
Professional qualifications, such as CISA, CISM, CISSP, CEH, CISP or other security related qualifications is a plus;
本职位要求候选人为本科及本科以上学历，信息/网络安全，计算机科学，软件工程等专业;
具有企业安全运营中心搭建实操经验，如技术方面负责过SOC平台选型、搭建及底层数据接入，或管理方面负责过企业日常运营相应标准及应急响应流程制定；
具有企业安全运营中心运营实操经验，如实际负责过策略制定、安全事件处置（如网络钓鱼、数据泄露、蠕虫病毒、APT攻击等），定期执行安全演练等；
熟悉国内外主流SIEM产品（如Splunk, Macfee, QRadar, ArcSight) 特性，了解行业发展趋势；
熟悉常用安全工具（如防火墙、HIDS/NIDS、WAF等）及常见网络攻击手法；
熟悉业界主流威胁检测框架（如ATT&CK）
至少熟练掌握一门编程语言；
能够与客户自信的交流并展示专业能力；
能够适应咨询公司工作模式并接受短期国内外出差；
工作灵活主动，具有求知欲，能够积极提升除专业技术能力、逻辑思维能力及解决问题能力；
在各大SRC平台上发表过中高危漏洞者优先；
安全相关认证，如CISSP，CISP ，CEH，CISAW，CISM或其他安全相关的资格会是一项加分项；",经验3-5年,不需要融资,“行业翘楚 精英相伴 卓越培训 探索创新”,0,20,17.5,15,15k-20k,金融,东门,https://www.lagou.com/jobs/6737903.html?show=9c4b301bf5e447029054d059bd2793b6,2000人以上,20200203,00:39:14,信息安全,高级顾问 -信息安全（安全运营方向） -风险及控制
20200120,00:00,五险一金 绩效奖金 带薪年假,微众银行,本科,"工作内容
1、负责个人消费贷款项目风险评估，制定政策指引；
2、负责个人消费贷款项目全生命周期风险管理方案设计并组织推进；
3、负责个人消费贷款策略与流程设计，实施策略效果监测分析与优化迭代。
职位要求
1、全日制本科及以上学历，金融、统计、数学等相关专业；
2、3年及以上信用卡、零售信贷、汽融金融相关领域信用风险管理经验者优先；
3、具备较好的技术基础、数理逻辑思维、沟通协调能力、团队合作能力。",经验3-5年,未融资,“五险一金 绩效奖金 带薪年假”,0,30,25.0,20,20k-30k,金融,大冲,https://www.lagou.com/jobs/6443674.html?show=9c4b301bf5e447029054d059bd2793b6,2000人以上,20200203,00:39:46,互联网金融 银行,YFX-风险政策经理(信用风险)
20200120,00:00,五险一金 绩效奖金 带薪年假,微众银行,本科,"岗位职责：
1.负责各类汽车金融业务（B端、C端）信贷管理政策制定，开展各类汽车金融项目资产组合监测、业务结构分析，优化信贷管理策略。；
2.根据风险偏好、市场环境、客群表现，调整授信准入策略；
3.负责各类互联网汽车金融合作项目风险管理侧的整体业务对接，推动整体风控策略设计及交付；
4.完成上级交办的其他任务。

任职要求：
1.全日制本科及以上学历，金融、经济相关专业优先；
2.3年及以上信贷管理经验，有汽车金融从业经验者优先；
3.具备较好的风险管理能力及分析能力，有较强的思考能力和逻辑性；
4.责任心,承压力,推动力，较强的沟通能力",经验3-5年,未融资,“五险一金 绩效奖金 带薪年假”,0,30,25.0,20,20k-30k,金融,大冲,https://www.lagou.com/jobs/6134092.html?show=9c4b301bf5e447029054d059bd2793b6,2000人以上,20200203,00:40:22,信贷管理,YFX-风险政策经理(汽车风险)
20200120,00:00,五险一金 绩效奖金 带薪年假,微众银行,本科,"岗位职责：
1、负责微粒贷等零售风险相关的项目管理和需求管理；
2、负责微粒贷等零售相关产品的风险系统方案设计及实施；
3、负责微粒贷等零售相关产品的风险模型及策略的决策引擎设计及部署实施。

任职要求：
1、本科及以上学历，计算机或相关专业；
2、有3年及以上IT项目管理或架构设计或开发相关工作经验；
3、具有良好的系统思维和逻辑思维能力，积极主动，较强的沟通和协调能力，抗压能力强。
4、有信用卡或者零售风险系统经验或者熟悉相关业务者优先。",经验3-5年,未融资,“五险一金 绩效奖金 带薪年假”,0,30,25.0,20,20k-30k,金融,大冲,https://www.lagou.com/jobs/6129115.html?show=9c4b301bf5e447029054d059bd2793b6,2000人以上,20200203,00:41:00,项目管理 实施,XLF-风险系统规划经理(风险系统规划)
20200116,00:00,盈利项目 海外金融 广阔的晋升平台,Yeahmobi,本科,"1、负责制定公司项目风险控制的指导原则，分析、设计制定现金贷及消费分期产品的贷前、贷中、贷后风控策略；
2、主持各类信用评分模型的设计、开发、验证、监控以及优化工作；
3、对信贷风控数据进行深入的剖析，为风控决策及策略的应用提供强有力的数据支持，同时基于数据分析和案例分析，设计客群分类标签；
4、与业务相关部门紧密合作，根据产品需求及业务目标制定对应的风险政策与策略，推动风险政策与策略在具体业务层面进行落实，及时了解前端需求和变化，在合理控制风险前提下推动业务发展；
5、监测和分析风险政策与策略的执行情况和效果，监测和分析外部经济环境、监管政策和法规要求，持续优化与完善业务审核流程。

任职要求:
1、经济、数学、统计、计算机等相关专业全日制本科（含）及以上学历，研究生及以上优先；
2、3年及以上在个人信贷行业、互联网金融公司或信用卡中心风险分析及开发实践经验；
3. 对数据敏感，具有优秀的数据分析能力和解读能力，对数据监控、风险预警、数据化运营具有独到的见解；
4、熟悉Python或R或者SAS，有过风险模型开发经验者优先；
5、有海外金融业务的优先考虑；
6、良好的分析思维和项目管理能力，优秀的团队合作意识，具有创业精神。",经验3-5年,上市公司,“盈利项目 海外金融 广阔的晋升平台”,0,30,22.5,15,15k-30k,移动互联网,大冲,https://www.lagou.com/jobs/6145453.html?show=9c4b301bf5e447029054d059bd2793b6,150-500人,20200203,00:41:37,互联网金融 策略设计,风险策略经理
20200113,00:00,"大平台,给力薪酬,海景办公楼,高配健身房",OPPO,本科,"工作职责
1. 基于历史数据，专家经验和大数据风控技术，针对交易异常风险进行识别，分析和处置
2. 风险账户及交易的数据提取分析，调查定性，对异常账户进行处置打击
3. 以案件分析，异常预警，数据挖掘等方式感知风险，对未知风险及团伙分析挖掘，并对其展开分析
研究，完成相应的分析报告，对可疑团伙推动线下打击
4. 与风控策略，产品，技术团队深入合作，协助团队完善业务风险防控机制，优化风控策略或优化客
服流程，减少用户投诉
工作要求
1. 本科及以上学历， 2年以上提取，整理和处理大数据的经验，熟悉使用Excel, SQL, Python等分析
软件；
2. 有银行或者支付机构反欺诈工作经验或者熟悉黑产团伙挖掘经验优先
3. 善于思考，分析，总结，有良好的学习能力，沟通技能，有较强的团队合作精神和责任心",经验3-5年,不需要融资,"“大平台,给力薪酬,海景办公楼,高配健身房”",0,40,30.0,20,20k-40k,硬件,南山区,https://www.lagou.com/jobs/6558596.html?show=9c4b301bf5e447029054d059bd2793b6,2000人以上,20200203,00:42:26,移动互联网 风控,风险分析师
20200116,00:00,"薪资高,福利好,技术新,工作环境好",微众信科,本科,"岗位职责：
1、金融和风险产品策划和策略制定，从策划产品概念、产品设计到推动实施；
2、研究金融和风险产品的业务特点，熟悉竞品商业模式和行业动态；
3、分析和跟踪产品运营效果，对产品不断进行改善优化；
4、 领导交办的其他任务。

岗位要求：
1、学历：本科以上，5年以上金融或咨询行业产品经验
2、有银行工作经验者优先
3、组织产品立项、设计、研发、推广应用及维护改进的全流程参与经验；
4、拥有较强的业务学习、逻辑思维和产品创新能力
5、良好的沟通表达和协调能力
6、有PRD文档撰写和产品原型设计经验者优先",经验3-5年,D轮及以上,"“薪资高,福利好,技术新,工作环境好”",0,25,22.5,20,20k-25k,"金融,数据服务",南山区,https://www.lagou.com/jobs/6453246.html?show=9c4b301bf5e447029054d059bd2793b6,150-500人,20200203,00:42:56,产品设计 需求分析 金融,风险产品经理
20200103,00:00,"五险一金,股票期权,带薪年假，地铁周边",融慧金科,本科,"【工作职责】
1）负责与项目合作方紧密合作，包含风控体系建设、策略与规则制定与优化、监控与mis体系梳理与跟踪等；
2）体系化建设风控情报收集与分析，并根据风险形势持续调整策略；
3）帮助机构更好地理解、应用数据产品与联合建模，通过咨询、沟通推动提升产品落地能力；
4）通过业务洞察、市场反馈，提炼产品意见，进一步优化产品能力；
5）负责项目现场工作的领导、组织、实施与推进，指导项目成员工作，高质高效地完成项目交付；
6）负责项目实施成果的整理、提炼。

【工作要求】
1）本科及以上学历，经济金融、数理统计及计算机等相关专业；
2）2年以上金融行业工作经验，要求银行或互金平台风险管理相关，包括信贷审核、模型开发、数据分析以及风险策略制定，有大型项目管理经验者优先；
3）能够在项目现场积极建立并维护客户关系，与客户之间建立互相信任的融洽氛围。",经验1-3年,A轮,"“五险一金,股票期权,带薪年假，地铁周边”",0,30,22.5,15,15k-30k,"金融,数据服务",南山区,https://www.lagou.com/jobs/6273683.html?show=9c4b301bf5e447029054d059bd2793b6,50-150人,20200203,00:43:33,投资/融资 借贷,风险管理咨询
20200113,00:00,"大平台,给力薪酬,海景办公楼,高配健身房",OPPO,本科,"工作职责
1. 通过海量用户交易数据挖掘用户交易风险，并实施上线在线模型与规则，保障用户资金安全的同时
净化平台交易
2. 依据支付及相关数据，对用户进行风险评级，全方位把控风险
3. 建立策略健康度模型，评估及优化线上规则与模型，完善生命周期管理
工作要求
1. 有2年以上工作经验，有大数据加工建模经验
2. 熟悉基本机器学习框架，有过相关机器学习项目落地经验
3. 熟练掌握python, SQL等一种或多种语言
4. 有过支付黑产对抗经验者优先，有过用户风险评级经验者优先，熟悉团伙挖掘优先",经验3-5年,不需要融资,"“大平台,给力薪酬,海景办公楼,高配健身房”",0,40,30.0,20,20k-40k,硬件,南山区,https://www.lagou.com/jobs/6558586.html?show=9c4b301bf5e447029054d059bd2793b6,2000人以上,20200203,00:44:03,移动互联网 风控,风险策略工程师
20200104,00:00,"员工旅游,五险一金,专业培训,绩效奖金",融臻投资,不限,"1 、对信用卡及贷款逾期未结清客户进行电话催收，提醒及时还款并告知正确的还款方式。
2 、达成回收率的指标，对高风险客户及时提出风险预警。
3、普通话流利；较强的谈判及沟通能力强，反应敏捷；适应严谨规范化的管理
4、性格开朗，外向，工作积极主动；
5、喜欢与人沟通，敢于挑战高薪；工作经验不限，要敢于尝试.有工作经验者，待遇从优。
6、中专（含）以上学历，专业不限，优秀应届生均可考虑；有以下经验者优先考虑：银行或信用卡催收、电话销售、客户服务热线。
底薪+奖金+各项补贴6000+，上不封顶！！！月入过万So Easy!",经验不限,不需要融资,"“员工旅游,五险一金,专业培训,绩效奖金”",0,7,6.5,6,6k-7k,"金融,企业服务",八卦岭,https://www.lagou.com/jobs/5144894.html?show=9c4b301bf5e447029054d059bd2793b6,150-500人,20200203,00:44:42,企业服务 互联网金融,风险管理
20200114,00:00,蓝海市场 盈利项目 晋升平台大,Yeahmobi,本科,"岗位职责：
1、深入了解用户的行为特点及风险特征，对用户的风险行为及用户属性进行划分，构建风险决策模型和算法；
2、根据用户在贷前、贷中、贷后的行为表现，对用户的授信决策、额度决策、交易决策及贷后账户管理以及资产管理中的各类风险进行量化评估，预测及最优化决策支持；
3、通过用户在各个维度的属性和行为数据，量化用户及用户间的风险关联度，为欺诈，信用决策模型提供算法支持；
4、负责决策模型在决策系统中的部署实施以及跟踪调整。

  任职要求：
1、本科或以上学历，金融、数学、计算机、统计类专业；
2、两年以上建模经验，深入了解风险模型的搭建方法及应用；
3、能熟练使用SQL、R、SAS或者Python等进行数据分析及算法实现；
4、逻辑思维能力强，具有高度的业务敏感性与数据敏感性；
5、具备较强的沟通表达、组织协调和分析判断能力，工作认真负责，责任心强；
6、思路敏捷，有较强调研分析能力，较强的学习能力和工作规划能力，能够适应多任务工作。",经验3-5年,上市公司,“蓝海市场 盈利项目 晋升平台大”,0,35,26.5,18,18k-35k,移动互联网,大冲,https://www.lagou.com/jobs/6757729.html?show=9c4b301bf5e447029054d059bd2793b6,150-500人,20200203,00:45:09,互联网金融 风控,风险模型经理
20200120,00:00,中信产业基金旗下,小花科技,本科,"职位描述
1. 负责贷中策略和政策的制定，并通过不断监控和优化，提升批核率、降低坏账。
2. 制定贷中额度策略以及定价策略，控制整体资产质量，确保业务良性发展。
3. 负责风控数据分析：及时准确完成各项分析需求，对风控数据进行深入的剖析，并给出建设性结论；
4. 负责规则策略的监控：定期对各项风控规则及策略进行监控，分析数据波动原因，并及时反馈发现的异常点。

任职资格：
1. 大学本科（含）以上学历，数理、金融、计算机等专业毕业
2. 具有较强的数据分析能力和逻辑思维能力
3. 熟练处理各种数据,熟练运用SQL/SAS/R/Python等至少一种数据处理语言
4. 熟练应用办公软件Excel、Word、PowerPoint等
5. 具有2年以上银行、消费金融公司、P2P公司、小贷公司授信政策及策略、风险管理等相关工作经验

base：上海/深圳",经验1-3年,不需要融资,“中信产业基金旗下”,0,24,18.0,12,12k-24k,"移动互联网,金融",大冲,https://www.lagou.com/jobs/6740451.html?show=9c4b301bf5e447029054d059bd2793b6,150-500人,20200203,00:45:49,风控,风险政策分析岗
20200113,00:00,"大平台,给力薪酬,海景办公楼,高配健身房",OPPO,本科,"工作职责
1，负责风控需求池的汇总管理与开发进度跟进； 
2，负责风控策略在决策引擎系统中的开发、测试及交付部署； 3，负责风控相关的信贷管理系统、反欺诈系统、案件调查系统优化需求的提出、开发方案的细化与确认；
任职资格
1，本科以上学历，计算机等专业优先； 
2，三年以上风控需求分析、业务测试经验； 
3，熟悉风控业务基本概念及做法，能够快速地理解策略的意图及实现路径 
4， 熟悉数据分析工具，能够使用工具对策略进行批量化测试； 5，能够对项目进行有效的时间管理及质量把控。",经验3-5年,不需要融资,"“大平台,给力薪酬,海景办公楼,高配健身房”",0,40,30.0,20,20k-40k,硬件,南山区,https://www.lagou.com/jobs/6079390.html?show=9c4b301bf5e447029054d059bd2793b6,2000人以上,20200203,00:46:45,移动互联网 风险分析,风险需求分析师
20200113,00:00,金融科技50强，空间大，环境好，福利全,WeLab卫盈联,本科,"工作职责：
1、根据业务需求，进行相关模型的搭建工作；
2、建立各类互联网金融平台数据分析模型，进行开发、维护、及持续优化，为审批、催收等团队提供决策；
3、开发贷前、贷中、贷后等相关模型； 
4、进行模型监控、维护、优化迭代；
5、月底报表准备等其他相关性工作。

任职资格：
1、本科及以上学历； 数学、计算机、金融等相关专业优先；
2、五年以上分析建模经验，熟练各种算法（关联、聚类、分类、降维、排序等）；
3、熟练逻辑回归、机器学习或深度学习的工业界实践经验的最优；
4、熟练掌握 python ，了解 SQL 、SAS；
5、英语良好，主动、有责任心，具备较强的逻辑思维、沟通和问题分析解决能力。",经验5-10年,B轮,“金融科技50强，空间大，环境好，福利全”,0,30,22.5,15,15k-30k,金融,南山区,https://www.lagou.com/jobs/6678242.html?show=9c4b301bf5e447029054d059bd2793b6,500-2000人,20200203,00:47:14,互联网金融 借贷 Hadoop SQLServer,风险模型资深岗
20200113,00:00,金融科技50强，空间大，环境好，福利全,WeLab卫盈联,本科,"工作职责：
1、根据公司整体产品目标，制定和管理客户信贷政策；
2、建立信贷风险识别、计量监控、分析、解决机制；
3、监控各项信贷政策执行情况及风险状况，定期进行政策优化；
4、与技术部门沟通信贷周期各个环节的政策要点，确保系统对信贷政策的正确应用；
5、面向授信审批端进行信贷政策的宣讲和答疑，确保信贷政策的有效落地实施。

任职资格：
1、本科以上，经济类、金融类或统计类专业；
2、5年以上金融相关行业信贷政策制定、风险策略管理经验；
3、精通金融信贷业务、风险管理基础知识和银行信贷管理知识；
4、精通MS Office工具，熟练使用数据分析工具（Eg:SAS Python Excel VBA等）。
5、思维敏锐，良好的口头和书面表达能力，具有量化数据观念。


关于WeLab：
C轮金融科技公司，明星投资阵容：阿里、瑞信、建银、红杉等；
连续4年入选全球金融科技50强、2019年入选全球独角兽榜（粤港澳大湾区Top 10）；
**获得香港虚拟银行牌照的独资公司；
精英团队，成员来自花旗、渣打、平安、普华永道、BAT、谷歌、微软等；
扁平化架构，人性化管理，文化平等开放，氛围积极活泼；
市场领先的全***、福利健全、每年额外10天福利假期；
持续成长的双通道发展路径，学习型组织，鼓励创新与知识分享；
超甲级海景写字楼，7.5小时弹性工作时间，节日活动丰富，设有游学奖金、团建基金等。",经验5-10年,B轮,“金融科技50强，空间大，环境好，福利全”,0,30,25.0,20,20k-30k,金融,南山区,https://www.lagou.com/jobs/6678342.html?show=9c4b301bf5e447029054d059bd2793b6,500-2000人,20200203,00:47:43,互联网金融 策略设计 风控,风险政策资深岗
20200102,00:00,MJ000121,乐信,本科,"岗位职责：

1、负责消费信贷业务风险政策的设计，包括准入、额度、息费定价及反欺诈策略等；

2、与产品、业务、研发等部门沟通协作，推动风险政策与策略在具体业务层面进行落实，并及时了解前端部门的需求和变化，在合理控制风险前提下推动业务发展；

3、跟踪、监测、维护及优化现有的风险策略、风险模型体系，确保风险策略及模型的有效性；

4、根据业务需求，监控业务日常的各项风险指标，提出风险预警。


任职要求：



1. 熟悉风险管理相关理论知识并有丰富经验，3年以上个人消费信贷或第三方支付风控经验，其中2年以上数据分析经验。



2. 熟练使用SQL、python或SAS等进行数据分析。



3. 具有丰富的互联网反欺诈工作经验者优先考虑。



4. 能够快速理解业务，具备敏锐的洞察力和规划能力。



5. 具有良好的团队合作能力、沟通协调能力、推动能力和较强的责任心。



6. 很强的多事务并发处理能力，对细节和关键事件关注的平衡能力。",经验不限,上市公司,“MJ000121”,0,25,20.0,15,15k-25k,金融,深大北门,https://www.lagou.com/jobs/5828495.html?show=9c4b301bf5e447029054d059bd2793b6,2000人以上,20200203,00:48:07,移动互联网 互联网金融 风控 风险分析 风险管理,风险策略经理 (MJ000121)
20200110,00:00,绩效奖金、带薪休假、交通补助、午餐补助,前海开源基金,硕士,"【岗位职责】
1.     根据风险管理需要，开发风险计量模型，完善风险量化计量工具和方法，完成风险计量工作；
2.     结合产品特征与客户投资目标，开展风险分析与评估，进行风险管理模型的设计；
3.     负责编制和汇总各类风险管理报告。开展综合及专项压力测试工作，对公司在压力情景下的风险承受能力进行评估；
4.     负责投资监督工作。负责风险偏好、各类风险限额指标的设置、监测、分析、报告工作。协助进行市场风险、流动性风险、信用风险等各类风险的监控。。
5.     根据内部控制需要，开展流程优化和推进风险管理信息化建设；
6.     参与制定和完善全面风险管理相关制度、政策和流程，明确并执行公司对全面风险的管理程序和管理要求。
7.     协助风险管理相关理论研究；
8.     领导安排的其他事项。
  【任职条件】
1. 全日制硕士及以上学历，国内外知名院校毕业，统计学、应用数学等数理类等专业；
2.具备3年以内工作经验，具备金融风险管理的知识和经验者，但如基本素质优秀者可放宽经验要求，可接受应届生；
3. 熟悉金融相关的开发语言和数据库（包括但不限于Java、Python、Oracle等）；
4. 掌握并能熟练运用现代量化风险管理方法和工具；
5. 具有良好的学习能力、沟通能力和项目管理能力，具有团队合作精神。
6. 具有CFA、FRM等资格者优先。
  【工作地点】深圳",经验1-3年,不需要融资,“绩效奖金、带薪休假、交通补助、午餐补助”,0,18,13.5,9,9k-18k,金融,车公庙,https://www.lagou.com/jobs/6759176.html?show=9c4b301bf5e447029054d059bd2793b6,150-500人,20200203,00:48:29,风控 风险分析 风险管理 风险评估,风险计量开发岗
20200120,00:00,中信产业基金旗下,小花科技,本科,"职位描述
1. 协助风控全流程的模型开发，基于业务实际需求，提供模型开发设计方案，推动方案落地实施
2. 协助风险评分模型：开发、评估、实施、监控、回顾优化，及不断改进评分效果
3. 协助外部数据及外部评分的验证及效能分析，为第三方数据引入的业务效能提供专业的评估分析报告
4. 根据不同贷款产品的风险特征，衍生相应变量，设计并开发风险定价模型。
5. 具备贷中模型开发经验人员优先。

任职要求：
1.本科以上学历，统计、数学、金融工程、计算机等量化分析方向专业；
2.具有2年以上信用风险咨询行业/金融行业/互联网金融行业的信用风险建模经验；
3.具有扎实的统计学、数据分析、数据挖掘基础，熟练运用SQL；
4.精通SAS/R/Python等至少一种数据处理分析语言；
5.熟悉互联网金融风控特点。
PS.深圳、上海两地办公",经验1-3年,不需要融资,“中信产业基金旗下”,0,24,18.0,12,12k-24k,"移动互联网,金融",大冲,https://www.lagou.com/jobs/6731216.html?show=9c4b301bf5e447029054d059bd2793b6,150-500人,20200203,00:48:55,风控,信用风险模型岗
20200113,00:00,发展前景,WeSure微保,本科,"工作职责:
• 负责信用风险模型的设计与落地，搭建事前、事中、事后的风险控制管理体系；
• 负责信用风险模型的应用落地，支撑全线保险产品中与个人信用相关的风控策略的制定与效果评估；
• 负责风险大数据平台的搭建，包含特征工程建设，以及对内对外的数据源合作对接、效果验证与生产落地工作；
• 负责设计、搭建风险与业务指标管理体系，建立完善的风险评估、监控、报告、预警和防范机制，全面把控风险运营。
任职资格:
• 计算机，数学，统计，经济学或其他量化相关专业的硕士和博士；
• 具有3年以上金融机构风险管理实践经验，有消费金融或信用贷款业务风控管理实践经验者优先；
• 具有统计分析、建模算法的理论和实践经验，精通至少一种数据分析工具（SAS/Python/R）；
• 具有良好的项目管理能力、执行力，强烈的责任心和团队合作意识；
• 诚信、正直、求知欲强，出色的学习能力、沟通能力、和逻辑分析能力；",经验3-5年,不需要融资,“发展前景”,0,25,20.0,15,15k-25k,金融,科技园,https://www.lagou.com/jobs/5323665.html?show=9c4b301bf5e447029054d059bd2793b6,500-2000人,20200203,00:49:23,互联网金融,信用风险风控工程师
20200106,00:00,带薪年假;行业独角兽;午餐补助;扁平管理,马上金融,本科,"岗位职责：
1、负责研发线上贷款全生命周期模型，包括但不限于各渠道各产品的申请模型，行为模型等； 
2、负责构建符合业务需求所需的特征工程变量；
3、负责内外部合作伙伴沟通，推动模型项目的落地与实施；

任职资格：
1、本科及以上学历，数学、应用数学、计量经济学、统计学、人工智能、计算机专业等优先；
2、熟悉数据挖掘模型算法，包括但不限于逻辑回归、决策树、随机森林、聚类、神经网络、XGB等；
3、熟练使用 R、Python 、SAS等工具；
4、具备4年及以上风险模型开发经验，有互联网金融行业、消费金融行业、银行信用卡中心模型开发经验优先；
5、具备较强的沟通交流、团队协作、压力管理能力；",经验3-5年,不需要融资,“带薪年假;行业独角兽;午餐补助;扁平管理”,0,25,20.0,15,15k-25k,"金融,移动互联网",莲花北村,https://www.lagou.com/jobs/6530044.html?show=9c4b301bf5e447029054d059bd2793b6,2000人以上,20200203,00:49:57,互联网金融 风控,风险模型分析师
20200116,00:00,"发展空间大,工作氛围好,奖金丰厚",vivo,本科,"岗位职责:
1、根据金融业务发展方向，制定线上信贷业务产品的整体风险政策、策略，并主导从获客、申请到审批的风控业务流程及数据流程设计；
2、负责基于数据的风险策略分析及迭代，跟踪、分析政策执行效果，提出策略优化方案并实施；
3、完善风控相关系统，为信贷产品的风控业务提供支持；
4、负责外部数据源的测试及应用方案设计；
5、负责信贷产品资产质量的整体风险监控及预警。

任职资格:
1、学历本科及以上，数学、统计、计算机、金融等相关专业优先；
2、2年以上银行信用卡中心、消费金融公司、互联网金融公司风控策略或风险分析岗位经验；
3、具备数据分析技能，能够熟练使用数据分析工具，如SQL/Python/R等。",经验3-5年,不需要融资,"“发展空间大,工作氛围好,奖金丰厚”",0,45,35.0,25,25k-45k,硬件,宝安区,https://www.lagou.com/jobs/6741767.html?show=9c4b301bf5e447029054d059bd2793b6,2000人以上,20200203,00:50:23,移动互联网 风控,风险政策分析师(006292)
20200122,00:00,五险一金 绩效奖金 管理规范 外资平台,德勤,本科,"Responsibilities:
• Supporting clients' cloud transformation including advising their operations on AWS, Azure, Google Cloud Platform (GCP), and AliCloud, etc. and addressing their needs in terms of security needs and working tightly with the privacy team to support compliance in the cloud;
• Analyzing the specific risks and conducting technology reviews on latest developments in the related security products and technologies that may drive changes in the cybersecurity strategies, policies and processes;
• Supporting clients in defining security requirements for Cloud adoption such as: SaaS software or platform (i.e. Office 365, etc.), design and development of cloud based applications, use of DevOps in the cloud, cloud managed services like (DB, SOC/SIEMs, Automation Frameworks, Data Lakes, etc);
• Designing and producing the relevant security processes and components to operate in the Cloud (including provider/third party components), work on Blueprints and documentation, and advise on cost/benefits of chosen services;
• Implementing major infrastructure management platforms (e.g. BMC, HP, CA, VMWare, etc.), service catalog, virtualization, automation, orchestration (e.g. Chef, Puppet) and public cloud vendors (e.g. AWS, Rackspace, GCP, Azure and Office 365 etc.);
• Integrate security touch points to various security systems SOC, CASB and cloud native security offerings such as Azure security analytics and AWS cloud watch;
• Ability to guide teams through the design and implementation of cloud security solutions that reduce vulnerability, strengthen controls and optimize organizational efficiency;
• Ability to build an in-depth knowledge of the client’s business and stay up-to-date on industry activities, marketplace trends, innovation efforts, and leading practices;
• Ability to develop relationships, establish credibility with, and instill confidence in clients.


Requirements:
• Bachelor degree or above Computer Science, Information Technology, Information Systems, or other related disciplines
• At least 7 years of working experience in Cloud solution and architecture security;
• At least one Security certification of CISSP, CCSP, SANS CCSK and Product certification (such as AWS SA Pro) in the related technologies is preferable;
• Required cloud-ready architectures utilizing infrastructure and platform cloud services for AWS, Azure, Google Cloud Platform (GCP), or AliCloud; Containers & container management including Docker, Kubernetes;
• Preferred network and SDN related knowledge, such as enterprise networks (Routing & Switching, Wireless, VPN etc.), design and implementation of software defined networking in a cloud environment.
• Required knowledge of application architecture and security testing;
• Experienced in Software Development and are skilled in one or more general purpose programming languages, particularly Python, Java, and JavaScript are preferred but not required;
• Experienced in IoT/ICS/AI security/Big Data Security is a plus;
• Strong analytical skill with high commitment to quality client service;
• Strong consultation and communication skills, self-initiation, good team player and willingness to work under pressure;
• Strong business development and clients relationship maintenance ability, in possess of market insight in cloud security area;
• Mature, proactive and committed;
• Excellent project management, people management and interpersonal skills;
• Excellent written and oral communication skills in both English and Mandarin Chinese, including both technical and business writing, good documentation and presentation skills;
• Willing to travel.",经验10年以上,不需要融资,“五险一金 绩效奖金 管理规范 外资平台”,0,70,55.0,40,40k-70k,金融,罗湖区,https://www.lagou.com/jobs/6740552.html?show=9c4b301bf5e447029054d059bd2793b6,2000人以上,20200203,00:50:54,信息安全,经理 / 副总监 - 云安全咨询 - 科技风险咨询
20200116,00:00,上市公司 五险一金 发展空间 团队激励,乐信,本科,"岗位职责：
1、代表公司风控条线与公司资金方进行接洽，对公司风控条线职能分工、风控主要方法论、风控流程及公司资产质量等进行说明，并对各类风险相关问题进行解答与沟通。
2、针对不同资方合作类型及合作条件制定合作范围，流程，前端准入把控，测算相应资产质量水平。资方正式合作后，针对各项相关风险指标进行持续监控及预警。对于触发预警的情况，及时进行原因分析，并形成初步应对方案。
3、与内部各相关部门保持合作沟通，针对不同资方合作方式及内容，形成资金资产匹配建议。
4、搭建与优化内部各相关部门合作机制，规范沟通流程，成型流程文档，推广流程方案并落地实施。
5、持续监控各条产品线的风控指标，对公司宏观及微观核心KPI进行监控和预警，监控资产质量。
6、了解各类资方的风险偏好，以数据驱动搭建并优化风险策略，指导风险定价7、了解并熟悉公司风险策略及流程，可对策略及流程的迭代进行整理分析、建设、执行及优化。
【任职要求】：
1、本科及以上学历，经济学、金融、法律等相关专业毕业；
2、5年以上金融机构风控工作经验，熟悉风控全流程知识；
3、有较强的风险风险识别、沟通协调能力；
4、可接受不定期出差安排；",经验5-10年,上市公司,“上市公司 五险一金 发展空间 团队激励”,0,35,30.0,25,25k-35k,金融,南山区,https://www.lagou.com/jobs/6770508.html?show=9c4b301bf5e447029054d059bd2793b6,2000人以上,20200203,00:51:28,风控,风险策略经理（尽调） (MJ000984)
20200116,00:00,上市公司 五险一金 发展空间 团队激励,乐信,本科,"区域风险策略经理JD：
1、与产品团队合作，针对不同业务设计匹配的反欺诈策略及流程。
2、与模型团队合作，搭建相关模型提高欺诈覆盖率，上线后监控，迭代等。
3、基于对业务，案件的了解构造特征，维护特征库。
4、对业务的风险情况进行监控，进行专题分析，及时制定对应的策略。
5、对策略管理系统提出优化需求，推动优化上线等。
任职要求：
1、具有经济学，统计学等专业本科及以上学历。
2、能够快速理解业务，具备一定数据分析能力，可以熟练使用SQL、python，R等独立进行数据分析。
3、 具有良好的团队合作能力、沟通协调能力、推动能力和较强的责任心。
4、有创造力，独立思考能力，以及具备一定项目经验。
5、熟悉个人消费信贷业务，有线下信贷业务欺诈管理经验者优先，有大数据分析经验者优先。",经验3-5年,上市公司,“上市公司 五险一金 发展空间 团队激励”,0,35,27.5,20,20k-35k,金融,南山区,https://www.lagou.com/jobs/6770462.html?show=9c4b301bf5e447029054d059bd2793b6,2000人以上,20200203,00:52:02,风险管理 风险分析,区域风险策略经理 (MJ000982)
20200122,00:00,做五休二，六险一金，美女如云，有晋升空间,阿卡索外教网,本科,"岗位职责：
1.      直接或与律师对不正当竞争及知识产权案例；
2.      进行应诉或提诉；
3.      通过典型案例或自身专业知识分析，对内部相关岗位进行培训指导；
4.      个人防护方面，提供建议；
5.      分析行业企业相关行为，提供分析信息；
6.      对公司风控工作及规范，提供优化及建议。
  任职要求：
1，本科及以上学历，法学相关专业；
2， 3年以上律师相关工作经验；
3，持法律执业资格证书优先；
4，对不正当竞争及知识产权等，有实践经验。",经验应届毕业生,C轮,“做五休二，六险一金，美女如云，有晋升空间”,0,15,12.5,10,10k-15k,"教育,移动互联网",罗湖区,https://www.lagou.com/jobs/6396182.html?show=9c4b301bf5e447029054d059bd2793b6,2000人以上,20200203,00:52:27,教育 法务 律师 知识产权,风险控制部—资深法务
20200121,00:00,储备干部 轮岗培养,银雁金融服务,本科,"工作职责:
参与储备干部培养计划，据个人工作表现和任职能力，培养目标为市场营销管理、运营管理、风控管理方向的管理型复合人才
任职资格:
1、统招全日制本科及以上学历，2017/2018/2019届毕业生，金融学相关、经济学相关、工商管理相关等专业优先；
2、具备一定的IT行业背景，了解IT公司业务场景和运作方式，或者具备IT行业知识或专业知识；
3、1年以上营销/运营/产品管理/IT技术等领域相关工作经验；
4、沟通表达能力突出，思维敏捷，逻辑能力强；
5、敢于创新，具有谦虚的态度和好学的精神。",经验1-3年,不需要融资,“储备干部 轮岗培养”,0,12,10.0,8,8k-12k,企业服务,福田区,https://www.lagou.com/jobs/6621936.html?show=9c4b301bf5e447029054d059bd2793b6,2000人以上,20200203,00:53:01,其他,储备干部（营销、运营、风险管控）(J11742)
20200110,00:00,上市公司子公司 团队年轻 氛围好,友金所,本科,"岗位职责：
1、参与风险模型开发构建、监测、维护及优化，确保模型有效性；
2、参与风险策略的设计及开发，对各类风险策略数据源的有效性、适用性进行监控；
3、熟悉业务情况，能通过风险数据监控分析，发现异常风险情况并及时反馈；
4、针对新渠道、产品、流程、业务模式，开发新的数据报表进行分析及监测。
任职要求：
1、全日制本科及以上学历，统计/数学/金融/经济/计算机相关专业；
2、具有3年及以上统计分析、建模、数据挖掘、机器学习等工作经验，至少有1年金融领域风险建模的工作经验；
3、熟悉信贷风控业务及流程，具备独立数据分析能力，能熟练运用Python、SAS软件，熟悉MySQL、Oracle等数据库；
4、具有较强的数据推理及分析能力、沟通协调能力，具有较好的文字表达能力。",经验1-3年,不需要融资,“上市公司子公司 团队年轻 氛围好”,0,15,12.5,10,10k-15k,金融,南山区,https://www.lagou.com/jobs/6758237.html?show=9c4b301bf5e447029054d059bd2793b6,500-2000人,20200203,00:53:23,风控 分析师 策略设计,信贷风险分析师
20200109,00:00,"年底双薪,五险一金,年度调薪,周末双休",亚联财小额贷款,本科,"岗位职责：
1.      负责对公司相关产品及用户进行专业分析，挖掘，建立模型；
2.      负责应用数据分析及数学算法解决应用问题；参与模型的开发、上线、应用监控；
3.      负责模型算法的验证及方案文档编写；
4.      其他业务相关数据分析工作；
5.      完成上级交代的其它工作。

岗位要求：
1.      本科及以上学历；应用数学、统计学或者数据分析相关专业；具备相关专业资格认证者优先；
2.      具备1年以上消费金融或信贷业务数据工作经验并参加过完整的数据分析、挖掘项目者优先；具有1年以上数据分析、数据清洗，数据管理经验为优；
3.      熟练掌握SQL语言，熟练使用Python、R、SAS等至少一种数据挖掘工具；
4.     具备良好沟通能力、逻辑分析能力、学习能力、执行力和团队合作精神；服从工作安排，能承受一定工作压力。",经验不限,不需要融资,"“年底双薪,五险一金,年度调薪,周末双休”",0,14,10.5,7,7k-14k,金融,车公庙,https://www.lagou.com/jobs/4899346.html?show=9c4b301bf5e447029054d059bd2793b6,500-2000人,20200203,00:54:26,数据分析,风险分析/数据建模
20200202,00:00,互联网金融、海量用户、发展空间大,腾讯,本科,"岗位职责：
通过分析海量用户和交易数据，研究各类洗钱风险、上游犯罪等行为模式，建立用户的可疑交易监测模型，提升平台的可疑交易识别能力，控制洗钱风险；针对不同的业务，进行可疑交易监测体系评估和建设，全面提升公司整体风险控制水平及技能。

岗位要求：
1、有3年以上工作经验，有大数据加工建模经验，熟悉Hadoop/spark等大数据计算平台者优先；
2、熟悉掌握各类机器学习算法，并有相关项目经验，熟悉团伙挖掘者优先；
3、熟练掌握scala、python、R、sas等一种或多种编程语言；
4、有反洗钱可疑交易建模经验者优先，有过挖掘或熟悉各类黑产模式者优先；",经验3-5年,上市公司,“互联网金融、海量用户、发展空间大”,0,40,30.0,20,20k-40k,社交,南油,https://www.lagou.com/jobs/6094875.html?show=9c4b301bf5e447029054d059bd2793b6,2000人以上,20200203,00:55:10,互联网金融 Hadoop Spark 数据挖掘 数据分析,反洗钱风险挖掘工程师
20200202,00:00,优质平台、海量数据、海量用户,腾讯,本科,"岗位职责：    
通过海量用户交易数据挖掘用户交易风险，并实施上线在线模型与规则，保障用户资金安全的同时净化平台交易； 
同时依据支付及相关数据，对用户进行风险评级，全方位把控风险； 
建立策略健康度模型，评估及优化线上规则与模型，完善策略生命周期管理。
    岗位要求：    
有2年以上工作经验，有大数据加工建模经验； 
熟悉基本机器学习框架，有过相关机器学习项目落地经验； 
熟练掌握Python、R、sas 等一种或多种语言； 
有过支付黑产对抗经验者优先，有过用户风险评级经验者优先，熟悉团伙挖掘，NLP者优先。
   ",经验3-5年,上市公司,“优质平台、海量数据、海量用户”,0,36,27.0,18,18k-36k,社交,南油,https://www.lagou.com/jobs/6422044.html?show=9c4b301bf5e447029054d059bd2793b6,2000人以上,20200203,00:55:36,互联网金融 征信 数据挖掘 Spark 算法 数据分析,财付通高级风险分析师（深圳）
20200202,00:00,互联网金融、海量数据、发展空间大,腾讯,本科,"岗位职责：
1、基于历史数据和专家经验和大数据风控技术，针对欺诈，赌博，非法集资等洗钱风险进行识别、分析和处置； 
2、以案例分析、异常预警、数据挖掘等方式感知风险，并对其展开分析研究，完成相应分析报告； 
3、与风控策略、产品、技术团队深入合作，协助团队完善对洗钱风险的防控机制。

岗位要求：
1、计算机、数学、统计、管理科学等相关专业，本科及以上学历； 
2、一年以上风控或反洗钱策略对抗工作经验，行业包括银行，第三方支付机构，信用卡机构，互联网等；有数据化运营、数据挖掘、大数据处理分析经验者优先； 
3、熟练应用SQL，熟练使用至少一种分析语言，如SAS，Python，R等； 
4、风险敏感度高，有良好的分析问题和解决问题的能力，自我驱动，并具备较强的学习能力及沟通协调能力。",经验1-3年,上市公司,“互联网金融、海量数据、发展空间大”,0,32,24.0,16,16k-32k,社交,南油,https://www.lagou.com/jobs/6262618.html?show=9c4b301bf5e447029054d059bd2793b6,2000人以上,20200203,00:56:09,互联网金融 银行 Hive MySQL SQLServer 数据分析,反洗钱/支付风险分析师
20200203,00:00,"五险一金,带薪年假,定期体检",平安金服,本科,"工作职责
1.基于项目和用户需求分析，综合竞争对手动态和市场动态，整合各类需求，规划产品路线和功能。
2.负责产品的功能模块设计，编写产品需求文档，制作产品原型，协同设计团队完成交互与视觉设计。
任职要求
1.本科学历
2.2-10年相关工作经验",经验3-5年,上市公司,"“五险一金,带薪年假,定期体检”",0,20,18.0,16,16k-20k,金融,福田区,https://www.lagou.com/jobs/6620656.html?show=9c4b301bf5e447029054d059bd2793b6,2000人以上,20200203,00:56:44,金融 产品设计 产品策划,1221L8-风险管理部产品经理
20200203,00:00,"五险一金,带薪年假,定期体检",平安金服,硕士,"工作职责
1. 参与负责知识图谱底层搜索引擎的架构设计及实现；
2. 负责知识图谱相关的知识融合、知识的查询和推理、知识图谱应用的研发工作；
3. 计算机、梳理统计、自然语言处理、机器学习及相关专业研究生及以上学历；
4. 对语义和知识图谱技术有深入的了解，熟悉知识本体和本体建模，熟练掌握知识图谱的构建和应用等技术，熟悉信息抽取和知识管理，有实际项目经验优先；
5. 熟悉自然语言处理常用技术、包括实体识别，关系抽取，查询分析等；
6. 熟练使用至少一种开发语言，比如Java、Python等，熟悉Hadoop、spark上面的算法开发能力；
7. 熟悉图数据库，参与或主导过大型知识图谱项目优先
任职要求
1.研究生及以上学历
2.1-20年相关工作经验",经验3-5年,上市公司,"“五险一金,带薪年假,定期体检”",0,50,37.5,25,25k-50k,金融,福田区,https://www.lagou.com/jobs/6524859.html?show=9c4b301bf5e447029054d059bd2793b6,2000人以上,20200203,00:57:09,金融 机器学习 深度学习,1221JJ-风险管理部知识图谱（智能搜索）
20200113,00:00,业务高速成长,腾讯,本科,"工作职责：
* 负责主导星云项目的风险政策运营
* 分析渠道客群风险属性，制定并不断调优风险政策
* 将风险控制在合理范围内并提高通过率
* 保持与stakeholder沟通风控进展，维护客户关系

工作要求：
* 有5年以上信贷业务风险政策运营经验
* 有优秀的沟通能力
* 有团队管理经验的优先
* 从事过ToB业务的优先",经验5-10年,上市公司,“业务高速成长”,0,50,37.5,25,25k-50k,社交,南山区,https://www.lagou.com/jobs/5818557.html?show=9c4b301bf5e447029054d059bd2793b6,2000人以上,20200203,00:57:40,银行 互联网金融 项目管理 数据分析 金融,风险政策经理
20200120,00:00,五险一金 绩效奖金 带薪年假,微众银行,本科,"岗位职责：
1、负责各类信用风险相关计量模型的开发；
2、各类互联网平台的数据挖掘分析，授信相关模型等的开发；
3、述各类模型的监测、验证及引擎部署等；
""

任职要求：
1、全日制本科及以上学历，统计学、数学、计算机等专业优先；
2、3年及以上风险模型开发、验证相关工作经验；
3、具备较好的数据分析及数据处理能力，熟悉各类统计模型、数据挖掘方法等；
4、熟练使用SAS,R, python等统计分析工具；
5、责任心、学习能力、创新能力、较好的团队合作和沟通能力。",经验3-5年,未融资,“五险一金 绩效奖金 带薪年假”,0,30,25.0,20,20k-30k,金融,大冲,https://www.lagou.com/jobs/6409117.html?show=9c4b301bf5e447029054d059bd2793b6,2000人以上,20200203,00:58:11,互联网金融 银行,YFX-风险模型经理(风险模型开发)
20200120,00:00,五险一金 绩效奖金 带薪年假,微众银行,本科,"岗位职责：
1、 负责银行操作风险管理体系的搭建和优化，组织日常操作风险信息的分析、KRI指标监控和业务流程风控措施的评价；
2、 负责操作风险管理的规划和实施，落实全行账务核对监测、异常指标预警和和分析，实施风险控制措施；
3、 负责对运营业务督导检查方案的制订和实施，指导业务的风控管理；
4、 操作风险管理其他工作。

任职要求：
1、大学本科（含）以上学历，会计、金融学、经济学、统计学等相关专业，具有银行业总行或分行2年以上工作经验；
2、银行基础业务知识全面扎实，具备大中型银行总分行操作风险管理工作经验者尤佳；
3、良好的沟通、协调能力，良好的学习意愿和学习能力，责任心强。",经验1-3年,未融资,“五险一金 绩效奖金 带薪年假”,0,20,16.0,12,12k-20k,金融,大冲,https://www.lagou.com/jobs/6134181.html?show=9c4b301bf5e447029054d059bd2793b6,2000人以上,20200203,00:58:40,风控,YYG-操作风险管理专员
20200120,00:00,五险一金 绩效奖金 带薪年假,微众银行,本科,"岗位职责：
1、负责零售条线信贷风险政策制定及管理，控制信贷风险，提高信贷盈利能力；
2、负责零售条线客群结构管理体系设计及建设;
3、负责零售条线客户信贷生命周期管理策略设计及建设；
4、负责风控数据分析及建模，具备数据分析、挖掘、决策树开发及建模能力；
5、实时跟踪分析业务关键环节风险指标，对风险预警异常情况进行深入分析，提供相应的解决方案与政策建议，并负责相关政策及策略的实施落地；
6、负责行业监管、外部环境政策及同业信息的收集、整理和研究，并形成分析报告。

任职要求：
1、全日制本科以上学历，经济、数学、金融、统计等相关专业；
2、三年以上零售信贷市场风险管理工作经验，熟悉零售信贷市场风险管理业务及流程，能熟练使用报表处理软件（如Excel、Access等）和数据分析及建模软件（如SAS、SQL、EM等）；
3、具备优秀的逻辑思维、优秀的数据分析能力、发现问题解决问题能力，性格开朗，工作主动细致，擅长深入研究，能够承受较大的工作压力；
4、具有项目管理经验，能够独立或带领项目成员推动项目开展。",经验3-5年,未融资,“五险一金 绩效奖金 带薪年假”,0,30,25.0,20,20k-30k,金融,大冲,https://www.lagou.com/jobs/6129062.html?show=9c4b301bf5e447029054d059bd2793b6,2000人以上,20200203,00:59:21,信贷风险管理 风险分析 风险管理,XLF-风险政策经理(贷中)
20200120,00:00,五险一金 绩效奖金 带薪年假,微众银行,本科,"岗位职责：
1. 负责零售条线信贷政策制定及管理，控制信贷风险，提高信贷盈利能力；
2. 负责零售条线客群结构管理体系设计及建设;
3. 负责零售条线信贷审批及授信管理；
4. 负责风控数据分析及建模，具备数据分析、挖掘、决策树开发及建模能力；
5. 实时跟踪分析业务关键环节风险指标，对风险预警异常情况进行深入分析，并提供相应的解决方案与政策建议，并负责相关政策及策略的实施落地；
6. 负责行业监管、外部环境政策及同业信息的收集、整理和研究，并形成分析报告；

任职要求：
1、全日制本科以上学历，经济、数学、金融、统计等相关专业；性格开朗、工作主动细致、善于沟通，能够承受较大的工作压力；
2、熟悉零售信贷市场风险管理业务及流程；
3、三年以上零售信贷市场风险管理工作经验，能熟练使用报表处理软件（如Excel、Access等）和数据分析及建模软件（如SAS、SQL、EM等）；
4、具备优秀的逻辑思维能力、表达能力与写作能力，具备优秀的发现问题、分析问题、解决问题能力，具备优秀的数据分析解读能力；
5、具有项目管理经验，能够独立或带领项目成员推动项目开展。",经验3-5年,未融资,“五险一金 绩效奖金 带薪年假”,0,30,25.0,20,20k-30k,金融,大冲,https://www.lagou.com/jobs/6129044.html?show=9c4b301bf5e447029054d059bd2793b6,2000人以上,20200203,00:59:46,信贷管理,XLF-风险政策经理(贷前)
20200120,00:00,五险一金 绩效奖金 带薪年假,微众银行,本科,"岗位职责：
1、负责微粒贷等零售产品风险相关的测试管理和质量管理；
2、参与项目的建设与讨论，负责制定测试计划和测试方案；
3、编写测试用例，实施UAT测试等。

任职要求：
1、本科及以上学历，计算机或相关专业；
2、2年以上的系统测试相关工作经验；
3、具有良好的系统思维和逻辑思维能力，善于学习及解决问题，有责任心和团队精神；
4、有信用卡或者零售风险系统测试经验或者熟悉相关业务者优先。",经验1-3年,未融资,“五险一金 绩效奖金 带薪年假”,0,20,16.0,12,12k-20k,金融,大冲,https://www.lagou.com/jobs/6129135.html?show=9c4b301bf5e447029054d059bd2793b6,2000人以上,20200203,01:00:08,项目管理,XLF-风险系统规划专员(测试管理)
20200120,00:00,五险一金 绩效奖金 带薪年假,微众银行,本科,"岗位职责：
1、信贷业务数据的监测分析；
2、内外部数据测试分析；
3、贷后风险监控、贷后检查等。

任职要求：
1、全日制本科及以上学历，统计学、数学、计算机等专业优先；
2、熟练使用SAS,R, python, SQL等数据处理、统计分析工具；
3、责任心、学习能力、创新能力、较好的团队合作和沟通能力。",经验1-3年,未融资,“五险一金 绩效奖金 带薪年假”,0,20,16.0,12,12k-20k,金融,大冲,https://www.lagou.com/jobs/6409152.html?show=9c4b301bf5e447029054d059bd2793b6,2000人以上,20200203,01:00:41,互联网金融 银行,YFX-数据分析专员(风险监测分析)
20200120,00:00,五险一金 绩效奖金 带薪年假,微众银行,本科,"岗位职责：
1、负责资产催收相关的系统规划和设计；
2、负责资产催收相关系统业务流程的设计及实施；
3、负责资产催收相关的系统需求管理；
4、负责信贷资产催收的数据分析。

任职要求：
1、全日制大学本科（含）以上，计算机、软件、电子、通信、统计学、数学等相关专业；
2、有催收系统项目管理或架构设计或数据分析经验的优先；
3、较好的数理背景，逻辑思维强，积极主动，较强的沟通和协调能力。",经验3-5年,未融资,“五险一金 绩效奖金 带薪年假”,0,30,25.0,20,20k-30k,金融,大冲,https://www.lagou.com/jobs/6206265.html?show=9c4b301bf5e447029054d059bd2793b6,2000人以上,20200203,01:01:13,信贷管理 风控,YFX-风险系统规划经理(资产催收管理)
20200120,00:00,五险一金 绩效奖金 带薪年假,微众银行,硕士,"岗位职责：
1、负责微粒贷等线上金融信贷产品全流程风险模型开发，包括但不限于各类信用评价模型、风险定价系列模型、欺诈甄别模型等；协助业务进行模型结果落地应用，持续跟进模型的性能表现并根据监控结果进行后续的迭代优化；
2、擅长高维非线性数据、非结构化数据、网状数据等复杂数据的挖掘和建模，搭建并持续完善基于互联网大数据的信用风险评价体系，提高风险识别和精细化管理能力；
3、利用社交关系链数据，探索复杂网络技术在信用评级、欺诈侦测、贷后催收等领域的应用，设计有效算法并实现；
4、负责数据挖掘前沿技术的探索和调研，通过实验、创新等方式引入到风控模型建设中，提升数据挖掘能力和风险识别水平。

任职要求：
1、计算机（机器学习、人工智能等方向）、数学、统计或相关专业硕士及以上学历；
2、熟悉常见的概率统计、数据挖掘、机器学习算法，包括回归、决策树、SVM、朴素贝叶斯、神经网络、k-means等常用算法的适用场景、优点、缺点以及弥补办法；
3、具有扎实的图论基础，熟悉社会网络分析方法，有推荐系统、社团发现项目实施经验优先；
4、熟练使用R/Matlab/SPSS/SAS等数据挖掘工具，有数据可视化经验者及开源数据挖掘工具实战经验者优先；
5、熟悉Hadoop/Spark/Storm/Hive等至少一种分布式计算技术，具有海量数据处理经验；
6、积极创新、有开拓精神、乐于面对挑战、有较强的执行能力，具有高度的责任心和良好的团队合作精神。",经验3-5年,未融资,“五险一金 绩效奖金 带薪年假”,0,30,25.0,20,20k-30k,金融,大冲,https://www.lagou.com/jobs/6129031.html?show=9c4b301bf5e447029054d059bd2793b6,2000人以上,20200203,01:01:52,算法 数据分析,XLF-风险模型经理(模型分析)
