Path,Title,Location,Income_Range(k),Experience,Degree,Company,Industry,Finance,Size,Tags,Highlights,Sys_Date,Sys_Time,Add_Date,Add_Time
https://www.lagou.com/jobs/6401669.html?show=a22751e0b7844aea9c4aedea71a5c09b,风险建模分析师,南油,20k-40k,经验3-5年,本科,腾讯,社交,上市公司,2000人以上,移动互联网 大数据 风控 第三方支付产品 分析师,“微信支付海量数据 机器学习建模 黑产对抗”,20200226,08:26:47,20200225,00:00
https://www.lagou.com/jobs/6262618.html?show=a22751e0b7844aea9c4aedea71a5c09b,反洗钱/支付风险分析师,南油,16k-32k,经验1-3年,本科,腾讯,社交,上市公司,2000人以上,互联网金融 银行 Hive MySQL SQLServer 数据分析,“互联网金融、海量数据、发展空间大”,20200226,08:26:47,20200225,00:00
https://www.lagou.com/jobs/6422044.html?show=a22751e0b7844aea9c4aedea71a5c09b,财付通高级风险分析师（深圳）,南油,18k-36k,经验3-5年,本科,腾讯,社交,上市公司,2000人以上,互联网金融 征信 数据挖掘 Spark 算法 数据分析,“优质平台、海量数据、海量用户”,20200226,08:26:47,20200225,00:00
https://www.lagou.com/jobs/6831235.html?show=a22751e0b7844aea9c4aedea71a5c09b,风险策略分析师（银行对公交易方向）,龙岗区,20k-35k,经验5-10年,本科,邦盛科技,信息安全,C轮,150-500人,大数据 银行,“六险一金；福利待遇佳”,20200226,08:26:47,20200225,00:00
https://www.lagou.com/jobs/6444635.html?show=a22751e0b7844aea9c4aedea71a5c09b,风险策略分析师(J10238),南山区,15k-25k,经验1-3年,本科,传易,"移动互联网,社交",不需要融资,150-500人,互联网金融 风控 合规稽查,"“五险一金,员工旅游,年终奖金,定期体检”",20200226,08:26:47,20200225,00:00
https://www.lagou.com/jobs/6741767.html?show=a22751e0b7844aea9c4aedea71a5c09b,风险政策分析师(006292),宝安区,25k-45k,经验3-5年,本科,vivo,硬件,不需要融资,2000人以上,移动互联网 风控,"“发展空间大,工作氛围好,奖金丰厚”",20200226,08:26:47,20200225,00:00
https://www.lagou.com/jobs/6804479.html?show=a22751e0b7844aea9c4aedea71a5c09b,风险分析师（业务分析方向）(J13220),上梅林,15k-30k,经验不限,本科,货拉拉,"移动互联网,消费生活",D轮及以上,2000人以上,人工智能,“独角兽 反欺诈 大平台”,20200226,08:26:47,20200225,00:00
https://www.lagou.com/jobs/6424369.html?show=a22751e0b7844aea9c4aedea71a5c09b,风险策略师,上沙,25k-50k,经验不限,本科,建信金科,"金融,软件开发",不需要融资,2000人以上,互联网金融 算法 数据挖掘 数据分析 数据架构,“最高比例五险一金、补充医疗保险、高薪”,20200226,08:26:47,20200225,00:00
https://www.lagou.com/jobs/6620116.html?show=a22751e0b7844aea9c4aedea71a5c09b,数据分析师（UGC）,南山区,20k-40k,经验3-5年,本科,OPPO,硬件,不需要融资,2000人以上,MySQL Hive 数据分析,“福利待遇好”,20200226,08:26:47,20200226,07:45
https://www.lagou.com/jobs/6558586.html?show=a22751e0b7844aea9c4aedea71a5c09b,风险策略工程师,南山区,20k-40k,经验3-5年,本科,OPPO,硬件,不需要融资,2000人以上,移动互联网 风控,"“大平台,给力薪酬,海景办公楼,高配健身房”",20200226,08:26:47,20200225,00:00
https://www.lagou.com/jobs/6453246.html?show=a22751e0b7844aea9c4aedea71a5c09b,风险产品经理,南山区,20k-25k,经验3-5年,本科,微众信科,"金融,数据服务",D轮及以上,150-500人,产品设计 需求分析 金融,"“薪资高,福利好,技术新,工作环境好”",20200226,08:26:47,20200225,00:00
https://www.lagou.com/jobs/6794577.html?show=a22751e0b7844aea9c4aedea71a5c09b,数据分析师-会员,南山区,15k-30k,经验3-5年,本科,美的电商,电商,上市公司,2000人以上,SQL 商业 数据分析 数据运营,"“弹性工作,发展空间大,领导nice,福利”",20200226,08:26:47,20200226,08:03
https://www.lagou.com/jobs/6826393.html?show=a22751e0b7844aea9c4aedea71a5c09b,海外游戏数据分析师,南山区,15k-30k,经验3-5年,本科,字节跳动,文娱丨内容,C轮,2000人以上,产品,"“弹性工作,免费三餐,带薪休假,下午茶”",20200226,08:26:47,20200225,00:00
https://www.lagou.com/jobs/4979567.html?show=a22751e0b7844aea9c4aedea71a5c09b,策略分析师-深圳-01015,下沙,15k-25k,经验3-5年,本科,同盾科技,"信息安全,数据服务",D轮及以上,500-2000人,风控,"“五险一金,行业前沿,带薪年假,弹性上班”",20200226,08:26:47,20200225,00:00
https://www.lagou.com/jobs/6387818.html?show=a22751e0b7844aea9c4aedea71a5c09b,数据分析师,车公庙,11k-15k,经验1-3年,本科,平安产险,金融,上市公司,2000人以上,数据分析,"“五险一金,绩效奖金,带薪年假,员工旅游”",20200226,08:26:47,20200226,00:00
https://www.lagou.com/jobs/6441213.html?show=a22751e0b7844aea9c4aedea71a5c09b,风险控制高级人才,大冲,15k-30k,经验3-5年,硕士,闻道资产管理,金融,不需要融资,15-50人,基金,“利益分享、股权激励、高薪”,20200226,08:27:00,20200226,07:39
https://www.lagou.com/jobs/6722191.html?show=a22751e0b7844aea9c4aedea71a5c09b,业务需求分析师(BA)5377,南山区,18k-36k,经验3-5年,本科,OPPO,硬件,不需要融资,2000人以上,企业服务 即时通讯 需求分析 用户研究 产品策划 产品设计,"“弹性工作,福利待遇好,奖金丰厚,工作氛围”",20200226,08:27:00,20200225,00:00
https://www.lagou.com/jobs/6774596.html?show=a22751e0b7844aea9c4aedea71a5c09b,市场分析师,南山区,12k-24k,经验1-3年,本科,Shopee,电商,上市公司,2000人以上,电商,"“东南亚电商,牛人多,15天年假”",20200226,08:27:00,20200225,00:00
https://www.lagou.com/jobs/5228055.html?show=a22751e0b7844aea9c4aedea71a5c09b,需求分析师【深圳】,新洲,8k-15k,经验1-3年,本科,安硕信息（amarsoft）,金融,上市公司,2000人以上,银行 解决方案,"“五险一金,专业团队,金融行业,职业前景好”",20200226,08:27:00,20200225,00:00
https://www.lagou.com/jobs/6145453.html?show=a22751e0b7844aea9c4aedea71a5c09b,风险策略经理,大冲,15k-30k,经验3-5年,本科,Yeahmobi,移动互联网,上市公司,150-500人,互联网金融 策略设计,“盈利项目 海外金融 广阔的晋升平台”,20200226,08:27:00,20200224,00:00
https://www.lagou.com/jobs/6774526.html?show=a22751e0b7844aea9c4aedea71a5c09b,BI 数据分析师 - Data Analyst,科技园,8k-12k,经验不限,本科,Shopee,电商,上市公司,2000人以上,电商,"“东南亚电商,牛人多,15天年假”",20200226,08:27:00,20200225,00:00
https://www.lagou.com/jobs/6134092.html?show=a22751e0b7844aea9c4aedea71a5c09b,YFX-风险政策经理(汽车风险),大冲,20k-30k,经验3-5年,本科,微众银行,金融,未融资,2000人以上,信贷管理,“五险一金 绩效奖金 带薪年假”,20200226,08:27:00,20200225,00:00
https://www.lagou.com/jobs/4950973.html?show=a22751e0b7844aea9c4aedea71a5c09b,数据分析师,南山医院,5k-7k,经验不限,本科,森香,"移动互联网,金融",不需要融资,150-500人,MySQL 数据挖掘 数据架构 数据分析,"“五险一金,带薪年假,节日福利,年底双薪”",20200226,08:27:00,20200226,08:16
https://www.lagou.com/jobs/6771458.html?show=a22751e0b7844aea9c4aedea71a5c09b,数据分析师,科技园,8k-13k,经验1-3年,本科,汇合,"企业服务,金融",不需要融资,2000人以上,数据分析 SQL,“公有云平台”,20200226,08:27:00,20200226,08:04
https://www.lagou.com/jobs/6129115.html?show=a22751e0b7844aea9c4aedea71a5c09b,XLF-风险系统规划经理(风险系统规划),大冲,20k-30k,经验3-5年,本科,微众银行,金融,未融资,2000人以上,项目管理 实施,“五险一金 绩效奖金 带薪年假”,20200226,08:27:01,20200225,00:00
https://www.lagou.com/jobs/5696075.html?show=a22751e0b7844aea9c4aedea71a5c09b,数据分析师,宝安区,15k-30k,经验1-3年,本科,字节跳动,文娱丨内容,C轮,2000人以上,数据分析,“六险一金，弹性工作，免费三餐，餐补”,20200226,08:27:01,20200225,00:00
https://www.lagou.com/jobs/6775920.html?show=a22751e0b7844aea9c4aedea71a5c09b,BI 数据分析师 - C端分析方向,科技园,12k-20k,经验不限,本科,Shopee,电商,上市公司,2000人以上,电商 数据分析,“福利待遇；弹性工作；六险一金”,20200226,08:27:01,20200225,00:00
https://www.lagou.com/jobs/6409117.html?show=a22751e0b7844aea9c4aedea71a5c09b,YFX-风险模型经理(风险模型开发),大冲,20k-30k,经验3-5年,本科,微众银行,金融,未融资,2000人以上,互联网金融 银行,“五险一金 绩效奖金 带薪年假”,20200226,08:27:01,20200225,00:00
https://www.lagou.com/jobs/6064987.html?show=a22751e0b7844aea9c4aedea71a5c09b,游戏数据分析师,南山区,15k-30k,经验3-5年,本科,字节跳动,文娱丨内容,C轮,2000人以上,产品,“弹性工作，免费三餐，租房补贴，带薪休假”,20200226,08:27:01,20200225,00:00
https://www.lagou.com/jobs/6783456.html?show=a22751e0b7844aea9c4aedea71a5c09b,资深数据分析师,南山区,20k-30k,经验5-10年,本科,美的电商,电商,上市公司,2000人以上,电商 广告营销 数据分析 消费者分析 数字营销 电商营销,“不打卡 世界500强 六险一金 年终奖金”,20200226,08:27:01,20200226,08:03
https://www.lagou.com/jobs/6649785.html?show=a22751e0b7844aea9c4aedea71a5c09b,业务分析师,大冲,15k-30k,经验3-5年,本科,ThoughtWorks,企业服务,不需要融资,2000人以上,新零售 汽车 产品设计 需求分析 交互设计 金融,“技术氛围好 敏捷实践 拥抱开源 国际化”,20200226,08:27:12,20200225,00:00
https://www.lagou.com/jobs/6757729.html?show=a22751e0b7844aea9c4aedea71a5c09b,风险模型经理,大冲,18k-35k,经验3-5年,本科,Yeahmobi,移动互联网,上市公司,150-500人,互联网金融 风控,“蓝海市场 盈利项目 晋升平台大”,20200226,08:27:12,20200224,00:00
https://www.lagou.com/jobs/6678342.html?show=a22751e0b7844aea9c4aedea71a5c09b,风险政策资深岗,南山区,20k-30k,经验5-10年,本科,WeLab卫盈联,金融,B轮,500-2000人,互联网金融 策略设计 风控,“金融科技50强，空间大，环境好，福利全”,20200226,08:27:12,20200225,00:00
https://www.lagou.com/jobs/6740451.html?show=a22751e0b7844aea9c4aedea71a5c09b,风险政策分析岗,大冲,12k-24k,经验1-3年,本科,小花科技,"移动互联网,金融",不需要融资,150-500人,风控,“中信产业基金旗下”,20200226,08:27:12,20200225,00:00
https://www.lagou.com/jobs/6732528.html?show=a22751e0b7844aea9c4aedea71a5c09b,数据分析师,科技园,15k-30k,经验3-5年,硕士,iPIN.com,数据服务,B轮,50-150人,教育 大数据 数据分析,“AI风口行业 晋升机会大 团队大牛多”,20200226,08:27:12,20200226,06:45
https://www.lagou.com/jobs/5323665.html?show=a22751e0b7844aea9c4aedea71a5c09b,信用风险风控工程师,科技园,15k-25k,经验3-5年,本科,WeSure微保,金融,不需要融资,500-2000人,互联网金融,“发展前景”,20200226,08:27:12,20200225,00:00
https://www.lagou.com/jobs/6731216.html?show=a22751e0b7844aea9c4aedea71a5c09b,信用风险模型岗,大冲,12k-24k,经验1-3年,本科,小花科技,"移动互联网,金融",不需要融资,150-500人,风控,“中信产业基金旗下”,20200226,08:27:12,20200225,00:00
https://www.lagou.com/jobs/6487184.html?show=a22751e0b7844aea9c4aedea71a5c09b,电商数据分析师,香蜜湖,15k-20k,经验3-5年,本科,一加手机,硬件,未融资,500-2000人,电商,“福利好”,20200226,08:27:12,20200226,07:32
https://www.lagou.com/jobs/6644535.html?show=a22751e0b7844aea9c4aedea71a5c09b,需求分析师,福田区,25k-40k,经验5-10年,本科,厦门节点,"其他,企业服务",不需要融资,150-500人,需求分析,"“五险一金,年底双薪,带薪年假”",20200226,08:27:12,20200225,00:00
https://www.lagou.com/jobs/5695889.html?show=a22751e0b7844aea9c4aedea71a5c09b,风控分析师,大冲,13k-22k,经验不限,本科,他趣,"移动互联网,电商",上市公司,500-2000人,互联网金融 风控 分析师 策略设计,“良好的晋升空间 年终奖 超nice团队”,20200226,08:27:13,20200225,00:00
https://www.lagou.com/jobs/6553320.html?show=a22751e0b7844aea9c4aedea71a5c09b,业务需求分析师,大冲,20k-40k,经验3-5年,本科,ThoughtWorks,企业服务,不需要融资,2000人以上,需求分析,“国际化视野 发展空间”,20200226,08:27:13,20200225,00:00
https://www.lagou.com/jobs/6524166.html?show=a22751e0b7844aea9c4aedea71a5c09b,数据分析师,南山区,30k-32k,经验3-5年,本科,Helens,"消费生活,文娱丨内容",不需要融资,2000人以上,分析 上市 财务,“免费食宿、氛围好、弹性工作、年终奖”,20200226,08:27:13,20200225,00:00
https://www.lagou.com/jobs/6802738.html?show=a22751e0b7844aea9c4aedea71a5c09b,高级行业分析师,南油,15k-30k,经验3-5年,不限,卓轩科技,"移动互联网,电商",A轮,50-150人,大数据,“五险一金”,20200226,08:27:13,20200226,01:50
https://www.lagou.com/jobs/6832986.html?show=a22751e0b7844aea9c4aedea71a5c09b,数据分析师,科技园,10k-20k,经验不限,不限,游戏宅,游戏,未融资,15-50人,游戏 数据库 数据分析,“绩效奖金 年终分红 13薪”,20200226,08:27:13,20200226,03:13
https://www.lagou.com/jobs/5596885.html?show=a22751e0b7844aea9c4aedea71a5c09b,风险管理运营专员,宝安区,30k-60k,经验3-5年,本科,vivo,硬件,不需要融资,2000人以上,移动互联网,"“股票期权,精英团队,弹性工作”",20200226,08:27:13,20200225,00:00
https://www.lagou.com/jobs/5596885.html?show=a22751e0b7844aea9c4aedea71a5c09b,风险管理运营专员,宝安区,30k-60k,经验3-5年,本科,vivo,硬件,不需要融资,2000人以上,移动互联网,"“股票期权,精英团队,弹性工作”",20200226,08:27:25,20200225,00:00
https://www.lagou.com/jobs/6772325.html?show=a22751e0b7844aea9c4aedea71a5c09b,123112-风险策略管控岗,福田区,15k-25k,经验3-5年,本科,平安金服,金融,上市公司,2000人以上,金融 风控,"“五险一金,带薪年假,定期体检,绩效奖金”",20200226,08:27:25,20200226,00:00
https://www.lagou.com/jobs/3907075.html?show=a22751e0b7844aea9c4aedea71a5c09b,风险管理产品规划岗,南山区,20k-35k,经验3-5年,本科,招商证券信息技术中心,"企业服务,其他",上市公司,2000人以上,金融 风控,"“金融科技,风控”",20200226,08:27:25,20200225,00:00
https://www.lagou.com/jobs/6802800.html?show=a22751e0b7844aea9c4aedea71a5c09b,数据分析师,南油,10k-20k,经验3-5年,本科,卓轩科技,"移动互联网,电商",A轮,50-150人,大数据 数据分析,“五险一金”,20200226,08:27:25,20200226,01:50
https://www.lagou.com/jobs/4170426.html?show=a22751e0b7844aea9c4aedea71a5c09b,需求分析师,科技园,13k-26k,经验1-3年,本科,深圳市金卫信,"移动互联网,医疗丨健康",未融资,150-500人,医疗健康 信息安全 数据分析 分析师 项目跟踪 行业研究,"“大数据,工作氛围好,双休,年终奖”",20200226,08:27:25,20200225,00:00
https://www.lagou.com/jobs/6585996.html?show=a22751e0b7844aea9c4aedea71a5c09b,风控策略分析师/经理(J10492),科技园,20k-40k,经验5-10年,本科,AKULAKU,"移动互联网,金融",D轮及以上,500-2000人,风控 策略设计,“绩效激励 东南亚独角兽”,20200226,08:27:25,20200225,00:00
https://www.lagou.com/jobs/6336957.html?show=a22751e0b7844aea9c4aedea71a5c09b,需求分析师,大冲,16k-32k,经验3-5年,本科,瑞卡连锁租车集团,消费生活,不需要融资,500-2000人,移动互联网 需求分析 项目管理,“平台大氛围好牛人团队5天工作制交通便利”,20200226,08:27:25,20200225,00:00
https://www.lagou.com/jobs/6741771.html?show=a22751e0b7844aea9c4aedea71a5c09b,信贷反欺诈分析师(006291),宝安区,25k-45k,经验3-5年,本科,vivo,硬件,不需要融资,2000人以上,互联网金融 风控 策略设计,"“发展空间大,工作氛围好,奖金丰厚”",20200226,08:27:25,20200225,00:00
https://www.lagou.com/jobs/6754374.html?show=a22751e0b7844aea9c4aedea71a5c09b,风控数据分析师(J10532),南山区,10k-20k,经验1-3年,本科,AKULAKU,"移动互联网,金融",D轮及以上,500-2000人,风控 分析师,“绩效激励 东南亚独角兽”,20200226,08:27:25,20200225,00:00
https://www.lagou.com/jobs/6407908.html?show=a22751e0b7844aea9c4aedea71a5c09b,数据分析师助理,南山区,5k-8k,经验不限,本科,一面数据,"移动互联网,数据服务",A轮,50-150人,大数据,“大数据人工智能；名校系大牛；技术氛围浓”,20200226,08:27:26,20200225,00:00
https://www.lagou.com/jobs/5959683.html?show=a22751e0b7844aea9c4aedea71a5c09b,数据分析师,大冲,20k-40k,经验3-5年,本科,wlaike,"移动互联网,企业服务",B轮,150-500人,数据分析,“牛人多 交通补贴 餐补 绩效奖 海外旅游”,20200226,08:27:26,20200225,00:00
https://www.lagou.com/jobs/6786618.html?show=a22751e0b7844aea9c4aedea71a5c09b,高级需求分析师,科技园,20k-40k,经验5-10年,本科,迅策科技,"移动互联网,数据服务",A轮,50-150人,金融,"“金融科技,人工智能,发展前景佳”",20200226,08:27:26,20200225,00:00
https://www.lagou.com/jobs/6600193.html?show=a22751e0b7844aea9c4aedea71a5c09b,需求分析师（BA）,南山区,8k-12k,经验3-5年,大专,富璟科技,"信息安全,数据服务",不需要融资,50-150人,大数据 工具软件 需求分析,“双休 年底奖金 年度出游 体检”,20200226,08:27:26,20200225,00:00
https://www.lagou.com/jobs/6644336.html?show=a22751e0b7844aea9c4aedea71a5c09b,BA需求分析师,南山区,7k-12k,经验1-3年,大专,富璟科技,"信息安全,数据服务",不需要融资,50-150人,工具软件 企业服务 需求分析,“五险一金 双休 年底奖金”,20200226,08:27:26,20200225,00:00
https://www.lagou.com/jobs/5021443.html?show=a22751e0b7844aea9c4aedea71a5c09b,数据分析师,大冲,8k-12k,经验不限,硕士,风变科技（深圳）有限公司,"移动互联网,教育",B轮,500-2000人,大数据 数据挖掘 数据分析,“驱动开发，团队年轻，牛人指导”,20200226,08:27:26,20200225,00:00
https://www.lagou.com/jobs/6684858.html?show=a22751e0b7844aea9c4aedea71a5c09b,数据分析师,南山区,15k-20k,经验3-5年,本科,万兴科技集团股份有限公司,移动互联网,上市公司,500-2000人,广告营销 数据分析 数据运营 增长黑客,“上市公司/国际化/工作氛围好/扁平化管理”,20200226,08:27:39,20200225,00:00
https://www.lagou.com/jobs/6831986.html?show=a22751e0b7844aea9c4aedea71a5c09b,高级需求分析师（研发方向/ERP方向）,科技园,20k-40k,经验5-10年,本科,DJI大疆创新,硬件,未融资,2000人以上,企业服务 工具软件 需求分析 项目管理,“丰厚年终，精英团队，全球平台”,20200226,08:27:39,20200225,00:00
https://www.lagou.com/jobs/5947503.html?show=a22751e0b7844aea9c4aedea71a5c09b,数据分析师助理 ,南山区,5k-8k,经验不限,本科,一面数据,"移动互联网,数据服务",A轮,50-150人,大数据,“大数据人工智能；名校系大牛；技术氛围浓”,20200226,08:27:39,20200225,00:00
https://www.lagou.com/jobs/5277133.html?show=a22751e0b7844aea9c4aedea71a5c09b,数据分析师,大冲,15k-30k,经验3-5年,本科,百融云创,金融,C轮,500-2000人,数据分析,"“六险一金,带薪年假,绩效奖金,年底双薪”",20200226,08:27:39,20200225,00:00
https://www.lagou.com/jobs/6619007.html?show=a22751e0b7844aea9c4aedea71a5c09b,风控数据分析师(J10279),南山区,10k-15k,经验1-3年,本科,传易,"移动互联网,社交",不需要融资,150-500人,数据分析 金融,“平台大，成长快”,20200226,08:27:39,20200225,00:00
https://www.lagou.com/jobs/6742210.html?show=a22751e0b7844aea9c4aedea71a5c09b,情感分析师,新洲,13k-16k,经验1年以下,大专,珍爱网,"社交,消费生活",不需要融资,2000人以上,客服 售后 顾问 VIP客服,“高收入，晋升空间大”,20200226,08:27:39,20200225,00:00
https://www.lagou.com/jobs/5722691.html?show=a22751e0b7844aea9c4aedea71a5c09b,高级数据分析师,科技园,15k-25k,经验不限,本科,深圳妈妈资本,金融,A轮,50-150人,移动互联网 大数据,“待遇优厚 弹性时间 年终奖金 周末双休”,20200226,08:27:39,20200225,00:00
https://www.lagou.com/jobs/6597408.html?show=a22751e0b7844aea9c4aedea71a5c09b,BI数据分析师,南山区,8k-12k,经验不限,本科,风变科技（深圳）有限公司,"移动互联网,教育",B轮,500-2000人,大数据 云计算 数据分析,“极客文化、年轻团队、氛围好、福利好”,20200226,08:27:40,20200225,00:00
https://www.lagou.com/jobs/5523134.html?show=a22751e0b7844aea9c4aedea71a5c09b,数据分析师(商业方向，初级）,南山区,8k-15k,经验1年以下,本科,一面数据,"移动互联网,数据服务",A轮,50-150人,大数据,“大数据人工智能；名校系大牛；技术氛围浓”,20200226,08:27:40,20200225,00:00
https://www.lagou.com/jobs/6606516.html?show=a22751e0b7844aea9c4aedea71a5c09b,需求分析师,南山区,11k-18k,经验3-5年,本科,航天科创,"企业服务,软件开发",不需要融资,150-500人,企业服务 用户研究 需求分析,“平台好 领导好”,20200226,08:27:40,20200225,00:00
https://www.lagou.com/jobs/6728438.html?show=a22751e0b7844aea9c4aedea71a5c09b,数据分析师,深圳湾,10k-20k,经验1-3年,本科,禅游,游戏,上市公司,150-500人,游戏 数据分析,“平台好 福利好 氛围好 双休”,20200226,08:27:40,20200225,00:00
https://www.lagou.com/jobs/5969447.html?show=a22751e0b7844aea9c4aedea71a5c09b,数据模型分析师,皇岗,15k-30k,经验1-3年,本科,马上金融,"金融,移动互联网",不需要融资,2000人以上,数据挖掘 数据架构 数据仓库 数据分析,“五险一金 带薪年假 员工团建”,20200226,08:27:40,20200225,00:00
https://www.lagou.com/jobs/6809539.html?show=a22751e0b7844aea9c4aedea71a5c09b,数据分析师,南山区,20k-40k,经验5-10年,不限,极光,企业服务,上市公司,500-2000人,数据分析,“上市公司、技术氛围好、弹性工作制”,20200226,08:27:40,20200225,00:00
https://www.lagou.com/jobs/6442250.html?show=a22751e0b7844aea9c4aedea71a5c09b,风控策略分析师,大冲,20k-40k,经验1-3年,硕士,玖富数科集团,金融,D轮及以上,2000人以上,信用管理 信贷审批 风险分析,“成长空间大，五险一金”,20200226,08:27:40,20200225,00:00
https://www.lagou.com/jobs/4130779.html?show=a22751e0b7844aea9c4aedea71a5c09b,数据分析师,南山区,10k-18k,经验不限,硕士,微众信科,"金融,数据服务",D轮及以上,150-500人,大数据 数据分析,"“发展空间,公司福利好”",20200226,08:27:40,20200225,00:00
https://www.lagou.com/jobs/4130779.html?show=a22751e0b7844aea9c4aedea71a5c09b,数据分析师,南山区,10k-18k,经验不限,硕士,微众信科,"金融,数据服务",D轮及以上,150-500人,大数据 数据分析,"“发展空间,公司福利好”",20200226,08:27:50,20200225,00:00
https://www.lagou.com/jobs/6395901.html?show=a22751e0b7844aea9c4aedea71a5c09b,业务分析师,罗湖区,6k-12k,经验1-3年,大专,阿卡索外教网,"教育,移动互联网",C轮,2000人以上,教育 移动互联网,"“发展空间大,周末双休,健身俱乐部”",20200226,08:27:50,20200225,00:00
https://www.lagou.com/jobs/6816119.html?show=a22751e0b7844aea9c4aedea71a5c09b,需求分析师,大冲,8k-15k,经验1-3年,本科,威富通科技,移动互联网,上市公司,500-2000人,移动互联网,“行业前景、自我提升”,20200226,08:27:50,20200225,00:00
https://www.lagou.com/jobs/6817369.html?show=a22751e0b7844aea9c4aedea71a5c09b,数据分析师,坂田,15k-25k,经验3-5年,本科,云途物流,物流丨运输,B轮,2000人以上,物流 可视化 数据分析 BI,“项目奖金 下午茶 地铁口 五险一金”,20200226,08:27:50,20200225,00:00
https://www.lagou.com/jobs/4222233.html?show=a22751e0b7844aea9c4aedea71a5c09b,数据分析师,西丽,5k-10k,经验1-3年,本科,沃菲数字营销,"广告营销,企业服务",未融资,50-150人,大数据,"“五险一金,节日福利,带薪年假,绩效奖金”",20200226,08:27:50,20200225,00:00
https://www.lagou.com/jobs/3771241.html?show=a22751e0b7844aea9c4aedea71a5c09b,售前数据分析师,南头,10k-20k,经验1-3年,本科,极光,企业服务,上市公司,500-2000人,大数据 金融 数据挖掘 数据分析,"“大数据,D轮+,14薪+,弹性工作”",20200226,08:27:50,20200225,00:00
https://www.lagou.com/jobs/6706024.html?show=a22751e0b7844aea9c4aedea71a5c09b,需求分析师,南山区,13k-20k,经验5-10年,大专,深圳市智能制造软件开发有限公司,"企业服务,消费生活",B轮,50-150人,供应链 墨刀 Axure ERP,“员工福利多”,20200226,08:27:51,20200225,00:00
https://www.lagou.com/jobs/6748029.html?show=a22751e0b7844aea9c4aedea71a5c09b,交易运营分析师,科技园,7k-10k,经验1-3年,本科,Amber Group,"金融,区块链",不需要融资,50-150人,金融 运营,“交易分析；数字敏感；细心负责；”,20200226,08:27:51,20200225,00:00
https://www.lagou.com/jobs/6505891.html?show=a22751e0b7844aea9c4aedea71a5c09b,数据分析师,南山区,15k-20k,经验3-5年,本科,爱玩网络,游戏,上市公司,150-500人,游戏 大数据 数据分析,“福利待遇好发展空间大团队氛围好工作环境佳”,20200226,08:27:51,20200225,00:00
https://www.lagou.com/jobs/6523994.html?show=a22751e0b7844aea9c4aedea71a5c09b,1221JF-风险管理经理,福田区,25k-50k,经验3-5年,本科,平安金服,金融,上市公司,2000人以上,金融,"“五险一金,年终分红,免费班车”",20200226,08:27:51,20200226,00:00
https://www.lagou.com/jobs/6782767.html?show=a22751e0b7844aea9c4aedea71a5c09b,数据分析师,福田区,13k-23k,经验3-5年,不限,数神科技,"移动互联网,数据服务",未融资,150-500人,BI SQL SPSS 数据运营,“公司快融资”,20200226,08:27:51,20200225,00:00
https://www.lagou.com/jobs/6445533.html?show=a22751e0b7844aea9c4aedea71a5c09b,需求分析师,南山区,20k-30k,经验5-10年,本科,金证股份,金融,上市公司,2000人以上,金融 移动互联网 需求分析 金融 产品设计 项目管理,"“证券项目,环境好,股票期权”",20200226,08:27:51,20200225,00:00
https://www.lagou.com/jobs/6501999.html?show=a22751e0b7844aea9c4aedea71a5c09b,资深数据分析师,科技园,20k-40k,经验3-5年,本科,小鹅（小鹅通）,"移动互联网,社交",B轮,150-500人,大数据,“五险一金 周末双休 年终奖”,20200226,08:27:51,20200225,00:00
https://www.lagou.com/jobs/6193260.html?show=a22751e0b7844aea9c4aedea71a5c09b,BI分析师,西乡,18k-25k,经验3-5年,本科,4PX,"移动互联网,电商",D轮及以上,500-2000人,数据挖掘 数据分析,"“阿里系,自主研发,团队氛围好,技术大咖多”",20200226,08:27:51,20200225,00:00
https://www.lagou.com/jobs/6803045.html?show=a22751e0b7844aea9c4aedea71a5c09b,需求分析师,新安,12k-18k,经验3-5年,不限,阜极科技,"移动互联网,金融",未融资,150-500人,需求分析,“良好工作环境，福利多多，融洽的同事”,20200226,08:27:51,20200225,00:00
https://www.lagou.com/jobs/6717753.html?show=a22751e0b7844aea9c4aedea71a5c09b,BI数据分析师,科技园,10k-20k,经验1-3年,本科,爱美购,"移动互联网,电商",不需要融资,50-150人,电商 移动互联网 数据分析 SQLServer 数据处理,“跨国项目 扁平管理 领导nice”,20200226,08:28:02,20200225,00:00
https://www.lagou.com/jobs/6164214.html?show=a22751e0b7844aea9c4aedea71a5c09b,BK22H8-伪冒风险管理团队风险产品规划岗,南山区,12k-16k,经验1年以下,本科,平安银行信用卡中心,金融,上市公司,500-2000人,金融 风险管理,"“五险一金,带薪年假,定期体检,高温补贴”",20200226,08:28:02,20200226,00:00
https://www.lagou.com/jobs/6605036.html?show=a22751e0b7844aea9c4aedea71a5c09b,高级数据分析师,科技园,10k-18k,经验3-5年,大专,冰川网络,游戏,上市公司,500-2000人,游戏 数据分析 数据运营 SQL 数据库,“上市公司 免费早班车 平台大 自研自发”,20200226,08:28:02,20200225,00:00
https://www.lagou.com/jobs/6176844.html?show=a22751e0b7844aea9c4aedea71a5c09b,行业分析师助理实习生,大冲,2k-3k,经验应届毕业生,硕士,格隆汇,"社交,金融",A轮,50-150人,金融,“一份收获满满的实习”,20200226,08:28:02,20200225,00:00
https://www.lagou.com/jobs/6474346.html?show=a22751e0b7844aea9c4aedea71a5c09b,数据分析师（风控）,大冲,12k-20k,经验1-3年,本科,Yeahmobi,移动互联网,上市公司,150-500人,互联网金融 数据分析 MySQL,“超棒福利 超棒团队 火箭式成长”,20200226,08:28:03,20200224,00:00
https://www.lagou.com/jobs/6681583.html?show=a22751e0b7844aea9c4aedea71a5c09b,需求分析师,大冲,8k-15k,经验1-3年,本科,威富通科技,移动互联网,上市公司,500-2000人,需求分析,“六险一金、安居计划、年度健康体检”,20200226,08:28:03,20200225,00:00
https://www.lagou.com/jobs/6811250.html?show=a22751e0b7844aea9c4aedea71a5c09b,需求分析师,白石洲,8k-15k,经验1-3年,本科,威富通科技,移动互联网,上市公司,500-2000人,需求分析,“五险一金 周末双休 弹性考勤 年终奖”,20200226,08:28:03,20200225,00:00
https://www.lagou.com/jobs/6719163.html?show=a22751e0b7844aea9c4aedea71a5c09b,数据分析师,南山区,20k-40k,经验3-5年,本科,深圳市丰巢科技有限公司,消费生活,A轮,500-2000人,数据分析 算法,“行业独角兽”,20200226,08:28:03,20200225,00:00
https://www.lagou.com/jobs/6740552.html?show=a22751e0b7844aea9c4aedea71a5c09b,经理 / 副总监 - 云安全咨询 - 科技风险咨询,罗湖区,40k-70k,经验10年以上,本科,德勤,金融,不需要融资,2000人以上,信息安全,“五险一金 绩效奖金 管理规范 外资平台”,20200226,08:28:03,20200225,00:00
https://www.lagou.com/jobs/6318196.html?show=a22751e0b7844aea9c4aedea71a5c09b,HAK-高级数据分析师,南山区,21k-26k,经验3-5年,本科,顺丰科技有限公司,"软件开发,数据服务",不需要融资,2000人以上,数据分析,“弹性上下班；午餐补贴；五险一金；绩效奖金”,20200226,08:28:03,20200225,00:00
https://www.lagou.com/jobs/6095621.html?show=a22751e0b7844aea9c4aedea71a5c09b,0222JM-数据分析师,福田区,1k-1k,经验1-3年,本科,平安人寿,金融,上市公司,2000人以上,金融,"“五险一金,绩效奖金,节日福利,定期体检”",20200226,08:28:03,20200226,00:00
https://www.lagou.com/jobs/6752188.html?show=a22751e0b7844aea9c4aedea71a5c09b,BI数据分析师,科技园,20k-40k,经验3-5年,本科,Amber Group,"金融,区块链",不需要融资,50-150人,投资/融资 银行 BI 可视化 数据分析 数据运营,“五险一金、补充商业医疗险、加班餐补”,20200226,08:28:03,20200225,00:00
https://www.lagou.com/jobs/6787344.html?show=a22751e0b7844aea9c4aedea71a5c09b,数据产品/分析师,福田区,18k-25k,经验3-5年,本科,懒人科技,移动互联网,不需要融资,50-150人,电商 新零售 SQL 数据分析,“朝阳行业”,20200226,08:28:03,20200225,00:00
https://www.lagou.com/jobs/5959158.html?show=a22751e0b7844aea9c4aedea71a5c09b,数据分析师,岗厦,10k-15k,经验3-5年,大专,华策,移动互联网,未融资,50-150人,BI SQL 数据分析 数据运营,"“五险一金,年终奖,通讯补贴,绩效奖金”",20200226,08:28:03,20200225,00:00
https://www.lagou.com/jobs/6766845.html?show=a22751e0b7844aea9c4aedea71a5c09b,数据分析师（需驻场）,南山区,10k-18k,经验1-3年,本科,微众信科,"金融,数据服务",D轮及以上,150-500人,数据分析,“福利待遇好”,20200226,08:28:03,20200225,00:00
https://www.lagou.com/jobs/6806375.html?show=a22751e0b7844aea9c4aedea71a5c09b,资产风险管理平台产品经理,南油,15k-30k,经验3-5年,本科,新分享科技服务,金融,B轮,50-150人,互联网金融 产品设计 产品策划 需求分析 金融,“高成长高发展空间，欢迎加入，一起成长。”,20200226,08:28:17,20200225,00:00
https://www.lagou.com/jobs/6725871.html?show=a22751e0b7844aea9c4aedea71a5c09b,需求分析师,香蜜湖,13k-20k,经验1-3年,硕士,深圳市规土委信息中心,"信息安全,数据服务",不需要融资,150-500人,需求分析 后台产品,“季度绩效、年终绩效”,20200226,08:28:17,20200225,00:00
https://www.lagou.com/jobs/4568696.html?show=a22751e0b7844aea9c4aedea71a5c09b,数据分析师,蔡屋围,15k-25k,经验3-5年,本科,希为科技,"企业服务,金融",不需要融资,50-150人,金融 数据分析 SQL,"“技术领先,14薪,团队优秀”",20200226,08:28:17,20200225,00:00
https://www.lagou.com/jobs/6435554.html?show=a22751e0b7844aea9c4aedea71a5c09b,数据分析师,深圳湾,15k-25k,经验3-5年,本科,希为科技,"企业服务,金融",不需要融资,50-150人,银行,“14薪；年轻有活力的团队；五险一金；”,20200226,08:28:18,20200225,00:00
https://www.lagou.com/jobs/6690801.html?show=a22751e0b7844aea9c4aedea71a5c09b,广告数据分析师,科技园,8k-12k,经验1-3年,本科,千寻万物,"移动互联网,电商",未融资,50-150人,运营 数据分析,“项目前景好 薪酬福利佳”,20200226,08:28:18,20200225,00:00
https://www.lagou.com/jobs/6822030.html?show=a22751e0b7844aea9c4aedea71a5c09b,需求分析师,南山区,10k-15k,经验3-5年,本科,博悦科创,移动互联网,不需要融资,500-2000人,需求分析,“五险一金 年度体检 年度旅游 带薪年假”,20200226,08:28:18,20200225,00:00
https://www.lagou.com/jobs/6808476.html?show=a22751e0b7844aea9c4aedea71a5c09b,高级数据分析师,前海,30k-50k,经验5-10年,本科,深圳市丰巢科技有限公司,消费生活,A轮,500-2000人,数据分析,“上升平台”,20200226,08:28:18,20200225,00:00
https://www.lagou.com/jobs/6639963.html?show=a22751e0b7844aea9c4aedea71a5c09b,需求分析师,坂田,20k-30k,经验5-10年,本科,印孚瑟斯,移动互联网,上市公司,2000人以上,需求分析,“福利好，项目稳定”,20200226,08:28:18,20200225,00:00
https://www.lagou.com/jobs/2783123.html?show=a22751e0b7844aea9c4aedea71a5c09b,数据分析师,科技园,15k-30k,经验3-5年,本科,深圳妈妈资本,金融,A轮,50-150人,大数据 数据分析,“有牛人”,20200226,08:28:18,20200225,00:00
https://www.lagou.com/jobs/6775126.html?show=a22751e0b7844aea9c4aedea71a5c09b,数据分析师,大冲,12k-18k,经验3-5年,本科,安徽省刀锋网络科技有限公司,"移动互联网,游戏",B轮,500-2000人,游戏 移动互联网 数据分析 数据运营,“五险一金，年底双薪，高福利”,20200226,08:28:18,20200225,00:00
https://www.lagou.com/jobs/6621222.html?show=a22751e0b7844aea9c4aedea71a5c09b,数据分析师（电商方向）,龙华新区,10k-15k,经验3-5年,本科,全棉时代,"电商,其他",A轮,2000人以上,电商 新零售 商业 数据分析,“电商平台 新零售 千万级用户”,20200226,08:28:18,20200225,00:00
https://www.lagou.com/jobs/6770129.html?show=a22751e0b7844aea9c4aedea71a5c09b,游戏数据分析师（应届生）,南山区,5k-6k,经验1年以下,本科,辉耀互娱,"游戏,移动互联网",A轮,150-500人,游戏 数据挖掘,“双休，五险一金，绩效，年终奖，节假日福利”,20200226,08:28:18,20200225,00:00
https://www.lagou.com/jobs/6830774.html?show=a22751e0b7844aea9c4aedea71a5c09b,需求分析师,福田区,15k-25k,经验3-5年,大专,赢时胜软件,金融,上市公司,500-2000人,基金,“上市公司 金融软件 自主研发”,20200226,08:28:18,20200225,00:00
https://www.lagou.com/jobs/3941822.html?show=a22751e0b7844aea9c4aedea71a5c09b,高级数据分析师（深圳）,南头,15k-25k,经验3-5年,本科,极光,企业服务,上市公司,500-2000人,数据挖掘 数据分析,"“D轮+,14薪+,攻城狮氛围,弹性工作”",20200226,08:28:18,20200225,00:00
https://www.lagou.com/jobs/5909932.html?show=a22751e0b7844aea9c4aedea71a5c09b,风险策略经理 (MJ000620),南山区,15k-25k,经验3-5年,本科,乐信,金融,上市公司,2000人以上,互联网金融 支付 风险管理 风险分析,“上市公司 五险一金 发展空间 团队激励”,20200226,08:28:18,20200225,00:00
https://www.lagou.com/jobs/6646820.html?show=a22751e0b7844aea9c4aedea71a5c09b,数据分析师(客服),科技园,8k-13k,经验3-5年,本科,高灯科技,"移动互联网,电商",B轮,500-2000人,数据分析,“零食、饮料、咖啡机、一应俱全”,20200226,08:28:30,20200225,00:00
https://www.lagou.com/jobs/6003169.html?show=a22751e0b7844aea9c4aedea71a5c09b,高级数据分析师,大冲,18k-36k,经验5-10年,本科,优乐学科技,"移动互联网,教育",B轮,150-500人,教育 数据分析 数据运营,“带薪年假，五险一金，上班不打卡”,20200226,08:28:31,20200225,00:00
https://www.lagou.com/jobs/6721519.html?show=a22751e0b7844aea9c4aedea71a5c09b,游戏数据分析师,科技园,10k-20k,经验3-5年,本科,尚游游戏,游戏,不需要融资,150-500人,游戏 SQL 数据分析 数据运营 SPSS,“平台稳定，年终奖丰厚，团队优秀，氛围活跃”,20200226,08:28:31,20200225,00:00
https://www.lagou.com/jobs/6409418.html?show=a22751e0b7844aea9c4aedea71a5c09b,舆情分析师,罗湖区,7k-10k,经验应届毕业生,本科,阿卡索外教网,"教育,移动互联网",C轮,2000人以上,教育,“做五休二，有晋升空间”,20200226,08:28:31,20200225,00:00
https://www.lagou.com/jobs/6739557.html?show=a22751e0b7844aea9c4aedea71a5c09b,数据分析师,车公庙,10k-16k,经验1-3年,本科,跨海侠,电商,A轮,150-500人,电商,“双休 腾讯创始人 跨境平台”,20200226,08:28:31,20200225,00:00
https://www.lagou.com/jobs/4757404.html?show=a22751e0b7844aea9c4aedea71a5c09b,数据分析师-深圳,深圳湾,15k-25k,经验5-10年,本科,神策数据,数据服务,C轮,150-500人,大数据 商业 BI 可视化 数据分析,"“五险一金,午餐补助,补充医疗,14薪”",20200226,08:28:31,20200225,00:00
https://www.lagou.com/jobs/6808286.html?show=a22751e0b7844aea9c4aedea71a5c09b,数据分析师-02,蔡屋围,13k-25k,经验1-3年,本科,希为科技,"企业服务,金融",不需要融资,50-150人,数据分析,“14薪；年轻有活力的团队；五险一金；”,20200226,08:28:31,20200225,00:00
https://www.lagou.com/jobs/6559212.html?show=a22751e0b7844aea9c4aedea71a5c09b,需求分析师,大冲,10k-20k,经验1-3年,本科,云镝智慧,"人工智能,软件开发",不需要融资,150-500人,用户研究 需求分析,“14薪、大公司背书、大平台、节假日福利”,20200226,08:28:31,20200225,00:00
https://www.lagou.com/jobs/6788509.html?show=a22751e0b7844aea9c4aedea71a5c09b,数据分析师（商户运营方向),南山区,13k-20k,经验3-5年,本科,土巴兔,"移动互联网,消费生活",C轮,500-2000人,BI 数据分析 SQL 数据库,“双休 六险一金 平台好”,20200226,08:28:31,20200225,00:00
https://www.lagou.com/jobs/6788503.html?show=a22751e0b7844aea9c4aedea71a5c09b,数据分析师（材料电商方向）,南山区,13k-20k,经验3-5年,本科,土巴兔,"移动互联网,消费生活",C轮,500-2000人,BI SQL 数据库 数据分析,“双休 六险一金 平台好”,20200226,08:28:31,20200225,00:00
https://www.lagou.com/jobs/6280537.html?show=a22751e0b7844aea9c4aedea71a5c09b,高级需求分析师/业务分析师,科技园,15k-25k,经验3-5年,本科,深圳隽思信息科技有限公司,其他,上市公司,2000人以上,电商 新零售 需求分析 项目管理 商业产品,“上市集团 五天八小时”,20200226,08:28:31,20200225,00:00
https://www.lagou.com/jobs/6600382.html?show=a22751e0b7844aea9c4aedea71a5c09b,数据分析师,西丽,15k-20k,经验3-5年,本科,索信达数据,人工智能,上市公司,150-500人,数据分析 SQL,“专注银行数据分析项目”,20200226,08:28:31,20200225,00:00
https://www.lagou.com/jobs/6575933.html?show=a22751e0b7844aea9c4aedea71a5c09b,数据分析师,南山区,13k-25k,经验3-5年,不限,梦享网络,"移动互联网,广告营销",B轮,50-150人,移动互联网 数据分析,“福利待遇，弹性工作，下午茶，五险一金”,20200226,08:28:31,20200225,00:00
https://www.lagou.com/jobs/6793094.html?show=a22751e0b7844aea9c4aedea71a5c09b,高级数据分析师（深圳） (MJ000046),大冲,15k-30k,经验1-3年,硕士,百融云创,金融,C轮,500-2000人,数据挖掘,“六险一金，绩效奖金，带薪年假”,20200226,08:28:31,20200225,00:00
https://www.lagou.com/jobs/6524964.html?show=a22751e0b7844aea9c4aedea71a5c09b,1221JK-风险管理部数据挖掘岗,福田区,25k-50k,经验5-10年,本科,平安金服,金融,上市公司,2000人以上,大数据 数据挖掘,"“五险一金,带薪年假,定期体检”",20200226,08:28:31,20200226,00:00
https://www.lagou.com/jobs/6832082.html?show=a22751e0b7844aea9c4aedea71a5c09b,高级需求分析师（人事/售后方向）,科技园,20k-40k,经验5-10年,本科,DJI大疆创新,硬件,未融资,2000人以上,其他,"“丰厚年终,精英团队,全球平台”",20200226,08:28:45,20200225,00:00
https://www.lagou.com/jobs/6788494.html?show=a22751e0b7844aea9c4aedea71a5c09b,数据分析师（网店运营方向）,南山区,13k-20k,经验3-5年,本科,土巴兔,"移动互联网,消费生活",C轮,500-2000人,BI 数据分析 SQL 数据库,“双休 六险一金 平台好”,20200226,08:28:45,20200225,00:00
https://www.lagou.com/jobs/6702307.html?show=a22751e0b7844aea9c4aedea71a5c09b,数据分析师（京喜）,宝安区,10k-20k,经验3-5年,不限,京东集团,电商,上市公司,2000人以上,电商 数据分析,“人力资源、优秀导师、氛围好、世界500强”,20200226,08:28:45,20200224,00:00
https://www.lagou.com/jobs/5484525.html?show=a22751e0b7844aea9c4aedea71a5c09b,软件助理/需求分析师（5人广州深圳上海均可）,南山区,7k-14k,经验3-5年,大专,富璟科技,"信息安全,数据服务",不需要融资,50-150人,工具软件 移动互联网 软件开发 技术支持 实施 企业软件,“双休 年底奖金 年度出游 体检”,20200226,08:28:45,20200225,00:00
https://www.lagou.com/jobs/6639008.html?show=a22751e0b7844aea9c4aedea71a5c09b,数据分析师(用户方向),福田区,13k-20k,经验1-3年,本科,深圳华秋电子有限公司,"移动互联网,电商",B轮,150-500人,数据运营 数据分析 SQL BI,"“公司背景好,福利好,实力雄厚”",20200226,08:28:45,20200225,00:00
https://www.lagou.com/jobs/6177070.html?show=a22751e0b7844aea9c4aedea71a5c09b,需求分析师 (MJ000693),南山区,15k-25k,经验3-5年,本科,乐信,金融,上市公司,2000人以上,互联网金融,“上市公司 行业top 绩效奖金 弹性工作”,20200226,08:28:45,20200225,00:00
https://www.lagou.com/jobs/1423787.html?show=a22751e0b7844aea9c4aedea71a5c09b,系统分析师,深圳湾,18k-30k,经验5-10年,本科,方直科技,教育,上市公司,150-500人,技能培训 年底双薪 节日礼物 绩效奖金,“上市公司 股权激励”,20200226,08:28:45,20200225,00:00
https://www.lagou.com/jobs/6797538.html?show=a22751e0b7844aea9c4aedea71a5c09b,数据分析师,大冲,20k-30k,经验1-3年,硕士,Flexiv Robotics,"硬件,移动互联网",A轮,150-500人,SQL 数据分析 数据库,“斯坦福团队 AI机器人行业 高成长空间”,20200226,08:28:45,20200225,00:00
https://www.lagou.com/jobs/6695029.html?show=a22751e0b7844aea9c4aedea71a5c09b,中高级数据分析师,科技园,18k-35k,经验3-5年,本科,AKULAKU,"移动互联网,金融",D轮及以上,500-2000人,MySQL Java,“发展前景好、扁平管理、带薪年假”,20200226,08:28:45,20200225,00:00
https://www.lagou.com/jobs/6820245.html?show=a22751e0b7844aea9c4aedea71a5c09b,高级需求分析师,科技园,15k-25k,经验5-10年,本科,索信达数据,人工智能,上市公司,150-500人,需求分析,“年终奖 绩效奖金”,20200226,08:28:45,20200225,00:00
https://www.lagou.com/jobs/6817882.html?show=a22751e0b7844aea9c4aedea71a5c09b,CRM 需求分析师（CRM BA）(J10330),南山区,15k-25k,经验3-5年,本科,传易,"移动互联网,社交",不需要融资,150-500人,移动互联网 需求分析 C端产品,"“五险一金,员工旅游,年终奖金,定期体检”",20200226,08:28:45,20200225,00:00
https://www.lagou.com/jobs/6770508.html?show=a22751e0b7844aea9c4aedea71a5c09b,风险策略经理（尽调） (MJ000984),南山区,25k-35k,经验5-10年,本科,乐信,金融,上市公司,2000人以上,风控,“上市公司 五险一金 发展空间 团队激励”,20200226,08:28:45,20200225,00:00
https://www.lagou.com/jobs/6807138.html?show=a22751e0b7844aea9c4aedea71a5c09b,系统分析师,下梅林,15k-25k,经验3-5年,本科,深圳航信,"信息安全,数据服务",上市公司,500-2000人,需求分析 项目管理 系统架构 数据库,“央企平台 福利齐全 专业培训 全面发展”,20200226,08:28:45,20200225,00:00
https://www.lagou.com/jobs/6483777.html?show=a22751e0b7844aea9c4aedea71a5c09b,游戏数据分析师,南山区,8k-16k,经验1-3年,本科,动能无线,"移动互联网,广告营销",未融资,50-150人,游戏 数据分析 市场策划 市场竞争分析 游戏市场策划,"“年底双薪,员工旅游,五险一金,带薪年假”",20200226,08:28:45,20200225,00:00
https://www.lagou.com/jobs/6770182.html?show=a22751e0b7844aea9c4aedea71a5c09b,电商业务数据分析师,西丽,10k-20k,经验1-3年,本科,TCL,"移动互联网,其他",上市公司,2000人以上,电商 数据分析 数据处理 数据库 MySQL,“年底双薪，带薪年假，免费班车，发展空间大”,20200226,08:28:45,20200225,00:00
https://www.lagou.com/jobs/6687678.html?show=a22751e0b7844aea9c4aedea71a5c09b,需求分析师（政务）,科技园,15k-25k,经验5-10年,大专,华云中盛,"数据服务,移动互联网",不需要融资,500-2000人,需求分析 政府项目,“发展前景”,20200226,08:29:05,20200225,00:00
https://www.lagou.com/jobs/6177138.html?show=a22751e0b7844aea9c4aedea71a5c09b,BK22I4-风险政策管理部组合管理岗,南山区,15k-25k,经验3-5年,本科,平安银行信用卡中心,金融,上市公司,500-2000人,其他 信贷管理 风控,"“五险一金,餐补,高温补贴,带薪年假”",20200226,08:29:05,20200226,00:00
https://www.lagou.com/jobs/6763020.html?show=a22751e0b7844aea9c4aedea71a5c09b,大数据分析师,南油,15k-20k,经验3-5年,本科,万兴科技集团股份有限公司,移动互联网,上市公司,500-2000人,大数据 数据分析,“上市公司，机会多，成长快，团队氛围好”,20200226,08:29:05,20200225,00:00
https://www.lagou.com/jobs/6048576.html?show=a22751e0b7844aea9c4aedea71a5c09b,【需求分析师（金蝶云）】,科技园,12k-20k,经验3-5年,本科,深圳金蝶,企业服务,移动互联网,上市公司,需求分析 ERP,“上市集团 龙头企业”,20200226,08:29:05,20200225,00:00
https://www.lagou.com/jobs/6505684.html?show=a22751e0b7844aea9c4aedea71a5c09b,数据分析师,科技园,6k-8k,经验应届毕业生,本科,冰川网络,游戏,上市公司,500-2000人,游戏 数据分析 数据运营 可视化 BI,"“五险一金,带薪年假,年度旅游,免费体检”",20200226,08:29:05,20200225,00:00
https://www.lagou.com/jobs/6084803.html?show=a22751e0b7844aea9c4aedea71a5c09b,数据分析师-初级,下沙,4k-5k,经验1-3年,大专,乐格信息,"企业服务,数据服务",A轮,150-500人,新零售 数据分析 商业,"“外企, 个人成长，领导nice”",20200226,08:29:05,20200225,00:00
https://www.lagou.com/jobs/6069939.html?show=a22751e0b7844aea9c4aedea71a5c09b,资深数据分析师(J11772),上梅林,50k-70k,经验5-10年,本科,货拉拉,"移动互联网,消费生活",D轮及以上,2000人以上,BI 商业 数据分析,“发展空间大”,20200226,08:29:05,20200225,00:00
https://www.lagou.com/jobs/6831263.html?show=a22751e0b7844aea9c4aedea71a5c09b,资身应用系统分析师（OA）,南山区,28k-40k,经验5-10年,本科,商汤科技,人工智能,C轮,2000人以上,OA,“人工智能”,20200226,08:29:05,20200225,00:00
https://www.lagou.com/jobs/6634717.html?show=a22751e0b7844aea9c4aedea71a5c09b,数据分析师,南山区,20k-25k,经验1-3年,本科,珍爱网,"社交,消费生活",不需要融资,2000人以上,数据分析 商业 SQL 数据库,“薪酬待遇棒 办公环境好 工作氛围愉悦”,20200226,08:29:05,20200225,00:00
https://www.lagou.com/jobs/6713154.html?show=a22751e0b7844aea9c4aedea71a5c09b,金融系统IT产品经理 / 需求分析师,大冲,15k-25k,经验不限,本科,联易融linklogis,"移动互联网,金融",C轮,150-500人,企业服务 金融 产品设计 需求分析 项目管理 金融,“六险一金”,20200226,08:29:05,20200225,00:00
https://www.lagou.com/jobs/6147148.html?show=a22751e0b7844aea9c4aedea71a5c09b,需求分析师/BA,白石洲,10k-20k,经验3-5年,本科,ONES,"移动互联网,企业服务",B轮,50-150人,项目管理 需求分析 SaaS,“五险一金 周末双休 年度体检 下午茶”,20200226,08:29:05,20200225,00:00
https://www.lagou.com/jobs/2699027.html?show=a22751e0b7844aea9c4aedea71a5c09b,游戏产品分析师/游戏策划/985/理性/博爱/辩论/冷静,科技园,9k-18k,经验不限,本科,探娱互动科学@移动游戏发行,游戏,C轮,50-150人,游戏 制作人,“真的没啥子诱惑，工作又不是娱乐。”,20200226,08:29:05,20200225,00:00
https://www.lagou.com/jobs/6810801.html?show=a22751e0b7844aea9c4aedea71a5c09b,广告数据分析师,新安,20k-40k,经验5-10年,本科,京东集团,电商,上市公司,2000人以上,电商 广告营销 SQLServer,“14薪，带薪年假，免费班车，餐补”,20200226,08:29:05,20200224,00:00
https://www.lagou.com/jobs/6815792.html?show=a22751e0b7844aea9c4aedea71a5c09b,数据分析师（银行项目）,西丽,15k-28k,经验3-5年,本科,索信达数据,人工智能,上市公司,150-500人,大数据 BI 数据分析,“年终奖 绩效奖金”,20200226,08:29:05,20200225,00:00
https://www.lagou.com/jobs/6748539.html?show=a22751e0b7844aea9c4aedea71a5c09b,需求分析师/业务分析员,科技园,6k-12k,经验1-3年,本科,深圳隽思信息科技有限公司,其他,上市公司,2000人以上,电商 新零售 项目管理 数据分析 需求分析 用户研究,“港资企业 五天八小时”,20200226,08:29:05,20200225,00:00
https://www.lagou.com/jobs/6794254.html?show=a22751e0b7844aea9c4aedea71a5c09b,高级数据模型分析师,深圳湾,20k-35k,经验3-5年,硕士,万科,房产家居,上市公司,2000人以上,Spark Storm 数据处理 数据库开发,“12%公积金，15天年假”,20200226,08:29:18,20200225,00:00
https://www.lagou.com/jobs/6818722.html?show=a22751e0b7844aea9c4aedea71a5c09b,游戏数据分析师,科技园,15k-25k,经验3-5年,本科,藤蔓公司,游戏,不需要融资,50-150人,游戏 数据分析,“腾讯福利、资金充足、独立项目潜力巨大”,20200226,08:29:18,20200225,00:00
https://www.lagou.com/jobs/6810307.html?show=a22751e0b7844aea9c4aedea71a5c09b,数据分析师,福田区,20k-30k,经验3-5年,本科,滴滴优点,移动互联网,不需要融资,50-150人,移动互联网 电商 BI 数据分析,“国企背景 资本雄厚 大牛云集 发展空间大”,20200226,08:29:18,20200225,00:00
https://www.lagou.com/jobs/5547238.html?show=a22751e0b7844aea9c4aedea71a5c09b,数据分析师,福田区,10k-20k,经验3-5年,本科,深圳市沃客非凡科技有限公司,"电商,移动互联网",B轮,50-150人,电商 移动互联网 数据分析,“发展前景好”,20200226,08:29:18,20200225,00:00
https://www.lagou.com/jobs/6651647.html?show=a22751e0b7844aea9c4aedea71a5c09b,需求分析师,西乡,15k-30k,经验5-10年,本科,联科科技,"电商,消费生活",不需要融资,150-500人,电商 需求分析 供应链,“高薪 专业团队”,20200226,08:29:18,20200225,00:00
https://www.lagou.com/jobs/6410216.html?show=a22751e0b7844aea9c4aedea71a5c09b,数据分析师,南山区,10k-20k,经验3-5年,本科,TCL-O2O,"移动互联网,电商",未融资,2000人以上,新零售 大数据 BI 可视化 数据分析 数据运营,“福利好，自建大数据平台，用户数据上亿”,20200226,08:29:18,20200225,00:00
https://www.lagou.com/jobs/6132180.html?show=a22751e0b7844aea9c4aedea71a5c09b,数据分析师,科技园,12k-24k,经验不限,不限,淘乐网络,游戏,不需要融资,150-500人,游戏 数据分析 数据运营,“五险一金 营养三餐 晋升空间 核心项目”,20200226,08:29:18,20200225,00:00
https://www.lagou.com/jobs/6434446.html?show=a22751e0b7844aea9c4aedea71a5c09b,数据分析师,福田区,15k-30k,经验3-5年,不限,盛业资本,"金融,数据服务",上市公司,150-500人,金融 商业 数据分析 可视化 SPSS,"“工作氛围好,股票期权,试用期全薪”",20200226,08:29:18,20200225,00:00
https://www.lagou.com/jobs/6817387.html?show=a22751e0b7844aea9c4aedea71a5c09b,威胁情报分析师,南山区,16k-32k,经验1-3年,不限,深信服科技集团,"信息安全,企业服务",不需要融资,2000人以上,信息安全,“大平台/**安全团队/公司多达38项福利”,20200226,08:29:18,20200225,00:00
https://www.lagou.com/jobs/6401293.html?show=a22751e0b7844aea9c4aedea71a5c09b,商业数据分析师-华南,南山区,20k-40k,经验3-5年,本科,GrowingIO,"企业服务,数据服务",B轮,150-500人,企业服务 大数据,“行业分析 数据分析 增长黑客”,20200226,08:29:18,20200225,00:00
https://www.lagou.com/jobs/6775870.html?show=a22751e0b7844aea9c4aedea71a5c09b,高级产品经理/业务需求分析师,大冲,20k-40k,经验不限,不限,ThoughtWorks,企业服务,不需要融资,2000人以上,产品设计 需求分析 项目管理 产品策划,“外企背景 追求技术卓越 扁平化管理”,20200226,08:29:18,20200225,00:00
https://www.lagou.com/jobs/6828844.html?show=a22751e0b7844aea9c4aedea71a5c09b,113120-数据思维专题分析师,福田区,20k-40k,经验5-10年,本科,平安科技,金融,不需要融资,2000人以上,金融,"“五险一金,节日福利,带薪年假,定期体检”",20200226,08:29:18,20200226,00:00
https://www.lagou.com/jobs/5672148.html?show=a22751e0b7844aea9c4aedea71a5c09b,信用策略分析师,南山区,13k-26k,经验1-3年,本科,飞贷金融科技,"移动互联网,金融",B轮,500-2000人,互联网金融 数据分析 数据挖掘,"“发展好,平台大,环境好”",20200226,08:29:18,20200224,00:00
https://www.lagou.com/jobs/6790883.html?show=a22751e0b7844aea9c4aedea71a5c09b,数据运营分析师,南山区,7k-14k,经验1-3年,本科,编程猫,"移动互联网,教育",C轮,2000人以上,教育 数据分析,"“能撸猫,有餐补,下午茶”",20200226,08:29:18,20200224,00:00
https://www.lagou.com/jobs/5364237.html?show=a22751e0b7844aea9c4aedea71a5c09b,风控模型分析师,科技园,15k-30k,经验1-3年,本科,飞贷金融科技,"移动互联网,金融",B轮,500-2000人,金融 数据挖掘 数据分析 Hive MySQL,“大牛带队 成长空间”,20200226,08:29:18,20200224,00:00
https://www.lagou.com/jobs/6682314.html?show=a22751e0b7844aea9c4aedea71a5c09b,BA（需求分析师）,南山区,12k-20k,经验1-3年,本科,深圳市晨北科技有限公司,电商,未融资,150-500人,数据分析,"“七险一金,团队氛围好,发展迅速,平台广”",20200226,08:29:30,20200224,00:00
https://www.lagou.com/jobs/6736086.html?show=a22751e0b7844aea9c4aedea71a5c09b,高级顾问（数据安全）- 风险及控制部门,东门,15k-20k,经验3-5年,本科,PWC,金融,不需要融资,2000人以上,数据分析,“行业翘楚 精英相伴 卓越培训 探索创新”,20200226,08:29:30,20200220,00:00
https://www.lagou.com/jobs/6737707.html?show=a22751e0b7844aea9c4aedea71a5c09b,顾问/高级顾问-隐私保护（法律方向） -风险及控制,东门,10k-20k,经验1-3年,本科,PWC,金融,不需要融资,2000人以上,律师,“行业翘楚 精英相伴 卓越培训 探索创新”,20200226,08:29:30,20200220,00:00
https://www.lagou.com/jobs/6582404.html?show=a22751e0b7844aea9c4aedea71a5c09b,数据分析师,科技园,15k-25k,经验应届毕业生,本科,徕伊佐慕服饰,"电商,社交",不需要融资,50-150人,电商 大数据 数据分析 跨境电商 网站运营,“业内领先 各种福利 95后团队 独立自主”,20200226,08:29:30,20200224,00:00
https://www.lagou.com/jobs/6668842.html?show=a22751e0b7844aea9c4aedea71a5c09b,数据分析师,福田区,10k-15k,经验1-3年,本科,大连华讯投顾,金融,未融资,500-2000人,数据分析 市场分析,"“周末双休,五险一金,法定节假日,奖金”",20200226,08:29:30,20200224,00:00
https://www.lagou.com/jobs/2428796.html?show=a22751e0b7844aea9c4aedea71a5c09b,数据分析师,南山区,8k-15k,经验1-3年,本科,白骑士,"企业服务,金融",A轮,50-150人,SPSS 数据库 SQL,"“平台大,创新型,有挑战”",20200226,08:29:30,20200216,00:00
https://www.lagou.com/jobs/6427231.html?show=a22751e0b7844aea9c4aedea71a5c09b,行业分析师,后海,15k-30k,经验3-5年,本科,WeLab卫盈联,金融,B轮,500-2000人,行业研究,“全额五险一金 年终奖丰富 培训多”,20200226,08:29:30,20200224,00:00
https://www.lagou.com/jobs/6001846.html?show=a22751e0b7844aea9c4aedea71a5c09b,需求分析师,龙华新区,10k-15k,经验1-3年,大专,艾姆诗（IMC）,电商,C轮,500-2000人,需求分析,“文案撰写 活动策划 数据分析 用户运营”,20200226,08:29:30,20200224,00:00
https://www.lagou.com/jobs/6805122.html?show=a22751e0b7844aea9c4aedea71a5c09b,数据分析师,南山区,15k-18k,经验3-5年,本科,盒子科技,"移动互联网,金融",D轮及以上,500-2000人,支付 电商 数据分析,“互联网D轮企业”,20200226,08:29:30,20200224,00:00
https://www.lagou.com/jobs/5682092.html?show=a22751e0b7844aea9c4aedea71a5c09b,高级数据分析师,南山区,15k-30k,经验3-5年,本科,白骑士,"企业服务,金融",A轮,50-150人,大数据 云计算 数据分析 数据库 BI SQL,"“平台大,创新型,有挑战”",20200226,08:29:30,20200216,00:00
https://www.lagou.com/jobs/6793198.html?show=a22751e0b7844aea9c4aedea71a5c09b,大数据分析师,科技园,13k-25k,经验5-10年,本科,万兴科技集团股份有限公司,移动互联网,上市公司,500-2000人,大数据 数据分析 Hive,“国产工具软件，全球市场，几亿年营收”,20200226,08:29:30,20200206,00:00
https://www.lagou.com/jobs/6534630.html?show=a22751e0b7844aea9c4aedea71a5c09b,风控数据分析师,大冲,10k-20k,经验1-3年,本科,白骑士,"企业服务,金融",A轮,50-150人,数据分析 数据库 SQL 数据运营,“五险一金、周末双休、实时培训”,20200226,08:29:30,20200116,00:00
https://www.lagou.com/jobs/6813571.html?show=a22751e0b7844aea9c4aedea71a5c09b,数据分析师/算法工程师,南山区,15k-25k,经验1-3年,本科,瑞赛网络,"移动互联网,企业服务",天使轮,15-50人,数据分析 数据挖掘 算法,“周末双休 项目奖金 人性化管理”,20200226,08:29:30,20200224,00:00
https://www.lagou.com/jobs/6711140.html?show=a22751e0b7844aea9c4aedea71a5c09b,系统分析师,科技园,15k-25k,经验5-10年,本科,大白菜科技,"移动互联网,电商",不需要融资,50-150人,移动互联网,“国企子公司、周末双休、免费早午餐”,20200226,08:29:30,20200224,00:00
https://www.lagou.com/jobs/6737903.html?show=a22751e0b7844aea9c4aedea71a5c09b,高级顾问 -信息安全（安全运营方向） -风险及控制,东门,15k-20k,经验3-5年,本科,PWC,金融,不需要融资,2000人以上,信息安全,“行业翘楚 精英相伴 卓越培训 探索创新”,20200226,08:29:30,20200220,00:00
https://www.lagou.com/jobs/6548591.html?show=a22751e0b7844aea9c4aedea71a5c09b,数据分析师,南山区,12k-20k,经验3-5年,本科,爱问医联,"医疗丨健康,移动互联网",C轮,150-500人,数据分析,“周末双休，带薪年假，绩效奖金，年终奖金”,20200226,08:29:44,20200220,00:00
https://www.lagou.com/jobs/6828939.html?show=a22751e0b7844aea9c4aedea71a5c09b,AI场景分析师,坂田,25k-40k,经验3-5年,本科,华为技术有限公司,通讯电子,不需要融资,2000人以上,质量与流程IT族 信息技术类 信息技术,“人工智能”,20200226,08:29:44,20200224,00:00
https://www.lagou.com/jobs/6828864.html?show=a22751e0b7844aea9c4aedea71a5c09b,AI场景分析师,坂田,25k-50k,经验不限,本科,华为技术有限公司,通讯电子,不需要融资,2000人以上,质量与流程IT族 信息技术类 信息技术,“人工智能”,20200226,08:29:44,20200224,00:00
https://www.lagou.com/jobs/6770601.html?show=a22751e0b7844aea9c4aedea71a5c09b,IT风险管理(006319),福田区,20k-30k,经验3-5年,本科,中信银行信用卡中心,"移动互联网,金融",上市公司,2000人以上,银行,"“精英团队,千万级用户,知识分享”",20200226,08:29:44,20200214,00:00
https://www.lagou.com/jobs/6248029.html?show=a22751e0b7844aea9c4aedea71a5c09b,工业互联网行业分析师（深圳）,福田区,15k-20k,经验不限,硕士,中国信通院,通讯电子,不需要融资,2000人以上,大数据 通信/网络设备 运营,"“发展空间大,工作氛围好,各种团建”",20200226,08:29:44,20200108,00:00
https://www.lagou.com/jobs/6585798.html?show=a22751e0b7844aea9c4aedea71a5c09b,数据分析师-【快影】,南山区,15k-30k,经验3-5年,本科,快手,文娱丨内容,D轮及以上,2000人以上,股票期权 弹性工作 定期体检 岗位晋升,"“六险一金,一日三餐,年终奖,住房补贴”",20200226,08:29:44,20200223,00:00
https://www.lagou.com/jobs/5781438.html?show=a22751e0b7844aea9c4aedea71a5c09b,数据分析师,科技园,10k-20k,经验5-10年,本科,百果科技,"移动互联网,电商",B轮,150-500人,数据分析,“五险一金 五天七小时 调薪机制”,20200226,08:29:44,20200106,00:00
https://www.lagou.com/jobs/6565883.html?show=a22751e0b7844aea9c4aedea71a5c09b,贝壳-数据分析师,车公庙,7k-14k,经验不限,本科,贝壳,房产家居,D轮及以上,2000人以上,SQLServer,“六险二金，公司平台大，前景好”,20200226,08:29:44,20200204,00:00
https://www.lagou.com/jobs/5902196.html?show=a22751e0b7844aea9c4aedea71a5c09b,数据分析师,科技园,13k-25k,经验3-5年,本科,Deep Lens Fund,"金融,数据服务",未融资,少于15人,大数据 基金 BI 数据分析 DBA SQL,“发展前景广阔，大数据，人工智能，股权激励”,20200226,08:29:44,20200217,00:00
https://www.lagou.com/jobs/6621936.html?show=a22751e0b7844aea9c4aedea71a5c09b,储备干部（营销、运营、风险管控）(J11742),福田区,8k-12k,经验1-3年,本科,银雁金融服务,企业服务,不需要融资,2000人以上,其他,“储备干部 轮岗培养”,20200226,08:29:44,20200121,00:00
https://www.lagou.com/jobs/6759176.html?show=a22751e0b7844aea9c4aedea71a5c09b,风险计量开发岗,车公庙,9k-18k,经验1-3年,硕士,前海开源基金,金融,不需要融资,150-500人,风控 风险分析 风险管理 风险评估,“绩效奖金、带薪休假、交通补助、午餐补助”,20200226,08:29:44,20200110,00:00
https://www.lagou.com/jobs/6759693.html?show=a22751e0b7844aea9c4aedea71a5c09b,需求分析师,科技园,10k-16k,经验3-5年,本科,YIDATEC,"移动互联网,游戏",不需要融资,2000人以上,PMP,"“六险一金,双休，免费体检，年终奖”",20200226,08:29:44,20200217,00:00
https://www.lagou.com/jobs/6486798.html?show=a22751e0b7844aea9c4aedea71a5c09b,高级业务分析师（ERP方向&销售系统方向）,西丽,15k-30k,经验3-5年,本科,RELX 悦刻,"电商,硬件",B轮,150-500人,需求分析 ERP 产品策划 项目管理,“高薪高福利 行业翘楚 年轻团队”,20200226,08:29:44,20191220,00:00
https://www.lagou.com/jobs/6273683.html?show=a22751e0b7844aea9c4aedea71a5c09b,风险管理咨询,南山区,15k-30k,经验1-3年,本科,融慧金科,"金融,数据服务",A轮,50-150人,投资/融资 借贷,"“五险一金,股票期权,带薪年假，地铁周边”",20200226,08:29:44,20200103,00:00
https://www.lagou.com/jobs/6458022.html?show=a22751e0b7844aea9c4aedea71a5c09b,风控数据决策分析师(交叉销售),景田,15k-25k,经验3-5年,本科,马上金融,"金融,移动互联网",不需要融资,2000人以上,风控 信用管理,“五险一金 带薪年假 定期培训 年终奖金”,20200226,08:29:44,20200114,00:00
https://www.lagou.com/jobs/5144894.html?show=a22751e0b7844aea9c4aedea71a5c09b,风险管理,八卦岭,6k-7k,经验不限,不限,融臻投资,"金融,企业服务",不需要融资,150-500人,企业服务 互联网金融,"“员工旅游,五险一金,专业培训,绩效奖金”",20200226,08:30:00,20200104,00:00
https://www.lagou.com/jobs/6746477.html?show=a22751e0b7844aea9c4aedea71a5c09b,委外策略分析师,景田,13k-25k,经验3-5年,本科,马上金融,"金融,移动互联网",不需要融资,2000人以上,风控 催收,“五险一金 带薪年假 定期培训 年终奖金”,20200226,08:30:00,20200106,00:00
https://www.lagou.com/jobs/6396332.html?show=a22751e0b7844aea9c4aedea71a5c09b,渠道分析师,泥岗,8k-12k,经验应届毕业生,本科,阿卡索外教网,"教育,移动互联网",C轮,2000人以上,教育 数据挖掘 数据分析 SQLServer,“做五休二，六险一金，美女如云，有晋升空间”,20200226,08:30:00,20200221,00:00
https://www.lagou.com/jobs/6604423.html?show=a22751e0b7844aea9c4aedea71a5c09b,量化分析师,大冲,12k-20k,经验1-3年,硕士,衍盛中国,金融,不需要融资,15-50人,互联网金融 算法 数据挖掘 数据处理,“提供有竞争性的薪酬”,20200226,08:30:00,20191224,00:00
https://www.lagou.com/jobs/6658980.html?show=a22751e0b7844aea9c4aedea71a5c09b,数据分析师,龙岗区,15k-20k,经验3-5年,大专,凯儿得乐,电商,未融资,50-150人,电商 移动互联网 数据分析 商业 BI 数据运营,“五险一金 父母养老金 通讯补贴 年终奖”,20200226,08:30:00,20200220,00:00
https://www.lagou.com/jobs/4899346.html?show=a22751e0b7844aea9c4aedea71a5c09b,风险分析/数据建模,车公庙,7k-14k,经验不限,本科,亚联财小额贷款,金融,不需要融资,500-2000人,数据分析,"“年底双薪,五险一金,年度调薪,周末双休”",20200226,08:30:00,20200109,00:00
https://www.lagou.com/jobs/5524909.html?show=a22751e0b7844aea9c4aedea71a5c09b,数据分析师（商品方向）,福田区,15k-25k,经验3-5年,本科,立创商城,"电商,硬件",A轮,150-500人,数据分析 SQL 商业,"“五险一金,周末双休,水果下午茶”",20200226,08:30:00,20200118,00:00
https://www.lagou.com/jobs/6736663.html?show=a22751e0b7844aea9c4aedea71a5c09b,专利分析师,新安,10k-20k,经验1-3年,本科,世纪恒程知识产权,"企业服务,消费生活",未融资,150-500人,其他,“年终分红 周末双休 节日福利 定期体检”,20200226,08:30:00,20191231,00:00
https://www.lagou.com/jobs/6578153.html?show=a22751e0b7844aea9c4aedea71a5c09b,数据运营分析师,笋岗,8k-10k,经验1-3年,本科,安居客,"移动互联网,企业服务",不需要融资,2000人以上,数据分析,“六险一金；年终奖；免费体检；高低温补贴；”,20200226,08:30:00,20200215,00:00
https://www.lagou.com/jobs/6679293.html?show=a22751e0b7844aea9c4aedea71a5c09b,需求分析师,龙华新区,15k-24k,经验5-10年,本科,武汉佰钧成技术有限责任公司,移动互联网,不需要融资,2000人以上,需求分析,“华为项目，周期长，项目外包”,20200226,08:30:00,20191225,00:00
https://www.lagou.com/jobs/6487366.html?show=a22751e0b7844aea9c4aedea71a5c09b,资深数据分析师,新安,25k-50k,经验不限,本科,立新出行,"电商,消费生活",不需要融资,50-150人,数据分析,“免费零食，周末双休，弹性工作”,20200226,08:30:00,20200217,00:00
https://www.lagou.com/jobs/6728217.html?show=a22751e0b7844aea9c4aedea71a5c09b,BI数据分析师,福田区,11k-18k,经验1-3年,本科,海万科技,"移动互联网,金融",不需要融资,500-2000人,Oracle 数据仓库,“周末双休、五险一金、节假日福利礼品等。”,20200226,08:30:00,20200214,00:00
https://www.lagou.com/jobs/6803362.html?show=a22751e0b7844aea9c4aedea71a5c09b,高级数据分析师,宝安区,15k-20k,经验3-5年,本科,酷开网络,移动互联网,不需要融资,150-500人,大数据 数据分析,“福利待遇好，发展空间大”,20200226,08:30:00,20200214,00:00
https://www.lagou.com/jobs/6574387.html?show=a22751e0b7844aea9c4aedea71a5c09b,bi数据分析师,福田区,10k-20k,经验3-5年,本科,海万科技,"移动互联网,金融",不需要融资,500-2000人,Oracle Linux 数据分析,“五险一金 周末双休 朝九晚六”,20200226,08:30:00,20200120,00:00
https://www.lagou.com/jobs/6596890.html?show=a22751e0b7844aea9c4aedea71a5c09b,高级数据分析师,南山区,20k-30k,经验5-10年,本科,来电科技,"移动互联网,消费生活",不需要融资,2000人以上,本地生活 移动互联网 BI 商业 SQL 数据分析,"“周末双休,行业独角兽,大牛团队”",20200226,08:30:00,20200116,00:00
https://www.lagou.com/jobs/6596890.html?show=a22751e0b7844aea9c4aedea71a5c09b,高级数据分析师,南山区,20k-30k,经验5-10年,本科,来电科技,"移动互联网,消费生活",不需要融资,2000人以上,本地生活 移动互联网 BI 商业 SQL 数据分析,"“周末双休,行业独角兽,大牛团队”",20200226,08:30:14,20200116,00:00
https://www.lagou.com/jobs/6664316.html?show=a22751e0b7844aea9c4aedea71a5c09b,需求分析师,南山区,10k-15k,经验3-5年,本科,鼎新软件,"企业服务,数据服务",不需要融资,15-50人,教育 需求分析 项目管理 Axure Visio,“扁平化企业结果，弹性工作”,20200226,08:30:14,20200102,00:00
https://www.lagou.com/jobs/6673945.html?show=a22751e0b7844aea9c4aedea71a5c09b,需求分析师,南山区,15k-25k,经验5-10年,本科,泓齐网科,"移动互联网,企业服务",未融资,15-50人,金融,“弹性”,20200226,08:30:14,20200107,00:00
https://www.lagou.com/jobs/6071730.html?show=a22751e0b7844aea9c4aedea71a5c09b,数据分析师,车公庙,13k-16k,经验3-5年,本科,深麒实业,消费生活,未融资,15-50人,数据分析,“五险一金，双休”,20200226,08:30:14,20200214,00:00
https://www.lagou.com/jobs/6469854.html?show=a22751e0b7844aea9c4aedea71a5c09b,数据分析师,南油,15k-20k,经验3-5年,本科,志伏贸易,"电商,移动互联网",天使轮,少于15人,电商 移动互联网 SPSS 数据运营 数据分析 商业,“国际团队”,20200226,08:30:14,20191223,00:00
https://www.lagou.com/jobs/6541169.html?show=a22751e0b7844aea9c4aedea71a5c09b,高级数据分析师（业务分析）,科技园,20k-30k,经验5-10年,本科,来电科技,"移动互联网,消费生活",不需要融资,2000人以上,本地生活 移动互联网 数据分析 数据挖掘 MySQL,“行业独角兽、发展空间大、薪资福利好”,20200226,08:30:14,20200120,00:00
https://www.lagou.com/jobs/6743544.html?show=a22751e0b7844aea9c4aedea71a5c09b,固定收益部-数据分析师,福田区,15k-30k,经验1-3年,本科,长城证券,金融,未融资,2000人以上,数据分析,“技术酷，空间大，待遇高”,20200226,08:30:14,20200103,00:00
https://www.lagou.com/jobs/6484624.html?show=a22751e0b7844aea9c4aedea71a5c09b,MES系统需求分析师,福田区,15k-30k,经验不限,本科,微知科技,数据服务,A轮,15-50人,硬件制造 需求分析 项目管理,“新能源****企业、五险一金、丰厚年终奖”,20200226,08:30:14,20191231,00:00
https://www.lagou.com/jobs/6535422.html?show=a22751e0b7844aea9c4aedea71a5c09b,需求分析师，高级产品经理，产品经理/主管,龙华新区,10k-20k,经验3-5年,本科,武汉佰钧成技术有限责任公司,移动互联网,不需要融资,2000人以上,移动互联网 项目管理 需求分析 解决方案 过程管理,“六险一金，周末双休，节日福利，带薪长假”,20200226,08:30:14,20191227,00:00
https://www.lagou.com/jobs/5493916.html?show=a22751e0b7844aea9c4aedea71a5c09b,大数据分析师,南头,12k-18k,经验1-3年,硕士,乐家云计算有限公司,"移动互联网,企业服务",不需要融资,50-150人,大数据 数据挖掘 数据分析 MySQL,"“16薪,五险一金,弹性工时”",20200226,08:30:15,20200121,00:00
https://www.lagou.com/jobs/6731099.html?show=a22751e0b7844aea9c4aedea71a5c09b,银行境外信息系统技术总监（工作地点：深圳）,福田区,30k-59k,经验10年以上,本科,兴业数金,"金融,移动互联网",不需要融资,500-2000人,其他,“海外机构”,20200226,08:30:15,20200226,08:18
https://www.lagou.com/jobs/6629045.html?show=a22751e0b7844aea9c4aedea71a5c09b,项目经理,大冲,15k-30k,经验3-5年,本科,MINIEYE,"硬件,其他",A轮,150-500人,汽车 项目管理,"“自动驾驶,海归团队,扁平化管理”",20200226,08:30:15,20200226,04:33
https://www.lagou.com/jobs/6385601.html?show=a22751e0b7844aea9c4aedea71a5c09b,基金经理,大冲,25k-40k,经验3-5年,本科,闻道资产管理,金融,不需要融资,15-50人,股票 证券分析 基金管理,“利益分享、股权激励、高薪”,20200226,08:30:15,20200226,07:39
https://www.lagou.com/jobs/6676996.html?show=a22751e0b7844aea9c4aedea71a5c09b,搜狗糖猫-质量管理部负责人-深圳,南山区,30k-40k,经验10年以上,本科,搜狗,工具,上市公司,2000人以上,可穿戴设备 智能硬件,“明星业务 团队氛围好”,20200226,08:30:15,20200226,08:06
https://www.lagou.com/jobs/6783491.html?show=a22751e0b7844aea9c4aedea71a5c09b,营销策划主管/专员（电商广告投放竞标）,南山区,9k-12k,经验3-5年,本科,美的电商,电商,上市公司,2000人以上,电商 广告营销 电商广告,“不打卡 世界500强 六险一金 年终奖金”,20200226,08:30:15,20200226,08:03
https://www.lagou.com/jobs/5051762.html?show=a22751e0b7844aea9c4aedea71a5c09b,风控助理,南山医院,5k-7k,经验不限,本科,森香,"移动互联网,金融",不需要融资,150-500人,风控,"“年终奖,多次调薪,周末双休,节日福利”",20200226,08:30:33,20200226,08:16
https://www.lagou.com/jobs/6443279.html?show=a22751e0b7844aea9c4aedea71a5c09b,数据助理,南山医院,4k-7k,经验1年以下,不限,森香,"移动互联网,金融",不需要融资,150-500人,支付 风控 风险管理 风险分析,"“节日福利,生日福利,周末双休,年终奖”",20200226,08:30:33,20200226,08:16
https://www.lagou.com/jobs/6536554.html?show=a22751e0b7844aea9c4aedea71a5c09b,前端开发,龙华新区,12k-20k,经验3-5年,本科,武汉佰钧成技术有限责任公司,移动互联网,不需要融资,2000人以上,Vue CSS Web前端,“入职即购买六险一金，周末双休，定期团建”,20200226,08:30:33,20200226,08:04
https://www.lagou.com/jobs/6827158.html?show=a22751e0b7844aea9c4aedea71a5c09b,金融量化数据分析实习生,南山区,3k-4k,经验应届毕业生,本科,富途,金融,上市公司,500-2000人,互联网金融 证券/期货 数据分析,“腾讯系上市公司，券商第一股，BAT团队”,20200226,08:30:34,20200225,00:00
https://www.lagou.com/jobs/5533133.html?show=a22751e0b7844aea9c4aedea71a5c09b,风控服务器开发工程师,科技园,15k-30k,经验1-3年,不限,富途,金融,上市公司,500-2000人,后端 服务器端,"“腾讯系团队,扁平管理,六险一金”",20200226,08:30:34,20200225,00:00
https://www.lagou.com/jobs/6676967.html?show=a22751e0b7844aea9c4aedea71a5c09b,搜狗糖猫-研发质量经理-深圳,南山区,22k-30k,经验10年以上,本科,搜狗,工具,上市公司,2000人以上,可穿戴设备 智能硬件,“明星业务 团队氛围好”,20200226,08:30:34,20200226,08:06
https://www.lagou.com/jobs/5600450.html?show=a22751e0b7844aea9c4aedea71a5c09b,261129-资产经理（深圳）,福田区,6k-9k,经验1-3年,本科,平安租赁,金融,不需要融资,500-2000人,其他,"“五险一金,绩效奖金,定期体检,节日福利”",20200226,08:30:34,20200226,00:00
https://www.lagou.com/jobs/6763113.html?show=a22751e0b7844aea9c4aedea71a5c09b,03312A-健康险理赔服务规划岗,购物公园,11k-19k,经验1-3年,本科,平安产险,金融,上市公司,2000人以上,金融 保险 理赔,"“五险一金,带薪年假,绩效奖金,定期体检”",20200226,08:30:34,20200226,00:00
https://www.lagou.com/jobs/6736057.html?show=a22751e0b7844aea9c4aedea71a5c09b,财务经理,南山区,20k-35k,经验5-10年,本科,AfterShip,电商,不需要融资,50-150人,电商 移动互联网 总账 海外业务,“全球项目、高薪资、高福利、国际团队”,20200226,08:30:34,20200226,07:40
https://www.lagou.com/jobs/6705975.html?show=a22751e0b7844aea9c4aedea71a5c09b,银行产品线咨询专家-深圳,南山区,22k-30k,经验5-10年,本科,邦盛科技,信息安全,C轮,150-500人,信息安全 互联网金融,"“六险一金,福利健全,高效团队,提升空间大”",20200226,08:30:34,20200226,07:54
https://www.lagou.com/jobs/6486773.html?show=a22751e0b7844aea9c4aedea71a5c09b,合规平台产品经理,科技园,14k-28k,经验1-3年,本科,富途,金融,上市公司,500-2000人,金融,“腾讯系团队，核心业务”,20200226,08:30:34,20200225,00:00
https://www.lagou.com/jobs/5549059.html?show=a22751e0b7844aea9c4aedea71a5c09b,测试工程师,福田区,15k-30k,经验5-10年,本科,平安产险,金融,上市公司,2000人以上,移动互联网 移动端 测试,"“大平台,专业团队,高福利”",20200226,08:30:34,20200226,00:00
https://www.lagou.com/jobs/6694445.html?show=a22751e0b7844aea9c4aedea71a5c09b,SRE,南山区,30k-50k,经验3-5年,本科,AfterShip,电商,不需要融资,50-150人,运维,“全球项目、高薪资、高福利、国际团队”,20200226,08:30:34,20200226,07:40
https://www.lagou.com/jobs/6411940.html?show=a22751e0b7844aea9c4aedea71a5c09b,分析咨询专家,上沙,25k-45k,经验5-10年,本科,同盾科技,"信息安全,数据服务",D轮及以上,500-2000人,风控 信贷风险管理 催收 风险评估,“金融科技独角兽企业 发展空间大 平台好”,20200226,08:30:34,20200225,00:00
https://www.lagou.com/jobs/6820439.html?show=a22751e0b7844aea9c4aedea71a5c09b,02313S-资本规划管理岗,福田区,10k-15k,经验1-3年,本科,平安人寿,金融,上市公司,2000人以上,大数据 金融,"“五险一金,带薪年假,节日福利,绩效奖金”",20200226,08:30:34,20200226,00:00
https://www.lagou.com/jobs/6378317.html?show=a22751e0b7844aea9c4aedea71a5c09b,知识产权工程师,南山区,10k-14k,经验1-3年,本科,TP-LINK,硬件,不需要融资,2000人以上,法务 海外业务 知识产权 专利,"“年终多薪,带薪年假,周末双休,优秀团队”",20200226,08:30:49,20200226,08:29
https://www.lagou.com/jobs/6749383.html?show=a22751e0b7844aea9c4aedea71a5c09b,法务经理,科技园,18k-25k,经验3-5年,本科,iPIN.com,数据服务,B轮,50-150人,教育 大数据 律师 法务,“AI风口行业 晋升机会大 团队大牛多”,20200226,08:30:49,20200226,06:45
https://www.lagou.com/jobs/6803135.html?show=a22751e0b7844aea9c4aedea71a5c09b,内控总监,科技园,25k-50k,经验5-10年,本科,房多多,"移动互联网,消费生活",上市公司,2000人以上,部门管理,“全额公积金 商业险 年度体检 双休”,20200226,08:30:50,20200225,00:00
https://www.lagou.com/jobs/6741197.html?show=a22751e0b7844aea9c4aedea71a5c09b,产品经理,南油,15k-20k,经验3-5年,本科,富晋天维,"信息安全,数据服务",未融资,150-500人,通信/网络设备 信息安全 产品设计 结构设计 数据分析 需求分析,“五险一金员工旅游包吃包住通讯交通补贴”,20200226,08:30:50,20200225,00:00
https://www.lagou.com/jobs/5752082.html?show=a22751e0b7844aea9c4aedea71a5c09b,2621B3-不良资产处置经理（法律）,福田区,15k-20k,经验3-5年,本科,平安租赁,金融,不需要融资,500-2000人,金融 律师 不良资产处置,"“五险一金,定期体检”",20200226,08:30:50,20200226,00:00
https://www.lagou.com/jobs/6762037.html?show=a22751e0b7844aea9c4aedea71a5c09b,高级测试工程师,西乡,15k-20k,经验5-10年,大专,万顺叫车,"消费生活,移动互联网",A轮,150-500人,压力测试 性能测试 测试开发 接口测试,“薪资优渥 尊享打车券”,20200226,08:30:50,20200226,08:27
https://www.lagou.com/jobs/6488130.html?show=a22751e0b7844aea9c4aedea71a5c09b,产品负责人,南山区,18k-25k,经验5-10年,本科,共筑网科,数据服务,不需要融资,50-150人,电商 金融 SaaS 企业软件 网页 B2B,“固定双休、 六险一金、带薪年假年终奖”,20200226,08:30:50,20200226,08:11
https://www.lagou.com/jobs/6531961.html?show=a22751e0b7844aea9c4aedea71a5c09b,产品经理,南山区,15k-18k,经验3-5年,本科,共筑网科,数据服务,不需要融资,50-150人,电商 B端产品 B2B 后台产品,“固定双休、 六险一金、带薪年假年终奖”,20200226,08:30:50,20200226,08:11
https://www.lagou.com/jobs/6335313.html?show=a22751e0b7844aea9c4aedea71a5c09b,耳机硬件工程师,大冲,15k-25k,经验3-5年,大专,乐心,"移动互联网,医疗丨健康",上市公司,2000人以上,可穿戴设备,"“扁平管理,上市公司,年终奖金”",20200226,08:30:50,20200226,08:10
https://www.lagou.com/jobs/5698733.html?show=a22751e0b7844aea9c4aedea71a5c09b,风控服务大客户经理-深圳-01651,下沙,25k-35k,经验5-10年,本科,同盾科技,"信息安全,数据服务",D轮及以上,500-2000人,大数据 云计算 售后 技术支持 企业软件 实施,“五险一金 发展空间大”,20200226,08:30:50,20200225,00:00
https://www.lagou.com/jobs/5724116.html?show=a22751e0b7844aea9c4aedea71a5c09b,android架构师,后海,25k-35k,经验5-10年,本科,美的IoT,硬件,上市公司,2000人以上,Android 移动端 架构师,"“上市公司,500强,六险一金,扁平化管理”",20200226,08:30:50,20200226,08:09
https://www.lagou.com/jobs/3654970.html?show=a22751e0b7844aea9c4aedea71a5c09b,.NET开发工程师,前海,15k-30k,经验不限,大专,方直科技,教育,上市公司,150-500人,大数据 C#/.NET Java,"“上市公司,上升快,福利好,氛围好”",20200226,08:30:50,20200225,00:00
https://www.lagou.com/jobs/3642501.html?show=a22751e0b7844aea9c4aedea71a5c09b,.NET开发工程师,前海,14k-27k,经验不限,大专,方直科技,教育,上市公司,150-500人,ASP C#/.NET Java,"“上市公司,上升快,福利好,氛围好”",20200226,08:30:50,20200225,00:00
https://www.lagou.com/jobs/6560664.html?show=a22751e0b7844aea9c4aedea71a5c09b,测试,福田区,9k-13k,经验1-3年,本科,博悦科创,移动互联网,不需要融资,500-2000人,互联网金融,“双休五险一金年终奖定期体检年度旅游下午茶”,20200226,08:30:50,20200225,00:00
https://www.lagou.com/jobs/6514456.html?show=a22751e0b7844aea9c4aedea71a5c09b,音频软件工程师,香蜜湖,15k-25k,经验3-5年,本科,一加手机,硬件,未融资,500-2000人,Android,"“团队优秀,国际化背景”",20200226,08:30:50,20200226,07:32
https://www.lagou.com/jobs/6652929.html?show=a22751e0b7844aea9c4aedea71a5c09b,专利诉讼律师（涉外）,香蜜湖,15k-20k,经验3-5年,本科,一加手机,硬件,未融资,500-2000人,法务 专利 知识产权,“国际化团队、福利待遇好、六险一金”,20200226,08:31:10,20200226,07:32
https://www.lagou.com/jobs/6823749.html?show=a22751e0b7844aea9c4aedea71a5c09b,金融信息安全工程师-vivo外包,新安,13k-26k,经验3-5年,大专,微创软件,"企业服务,移动互联网",不需要融资,2000人以上,支付 理财 信息安全 网络安全,“信息安全”,20200226,08:31:10,20200225,00:00
https://www.lagou.com/jobs/6792887.html?show=a22751e0b7844aea9c4aedea71a5c09b,大数据项目经理,西丽,10k-20k,经验3-5年,本科,SHEIN,"电商,移动互联网",C轮,2000人以上,电商 项目管理 PMO PMP,“大平台 前景好 发展空间大”,20200226,08:31:10,20200225,00:00
https://www.lagou.com/jobs/6559052.html?show=a22751e0b7844aea9c4aedea71a5c09b,测试主管,南山区,13k-20k,经验不限,不限,深圳康佳电子科技有限公司,"电商,物联网",不需要融资,2000人以上,测试 自动化 产品测试 性能测试,"“福利待遇好,试用期全薪,知识分享”",20200226,08:31:10,20200226,06:04
https://www.lagou.com/jobs/6378469.html?show=a22751e0b7844aea9c4aedea71a5c09b,数据产品经理,南山区,15k-30k,经验3-5年,本科,金证股份,金融,上市公司,2000人以上,移动互联网 证券/期货 需求分析 交互设计 数据分析 项目管理,"“证券项目,环境好,股票期权”",20200226,08:31:10,20200225,00:00
https://www.lagou.com/jobs/5940064.html?show=a22751e0b7844aea9c4aedea71a5c09b,高级java开发工程师,华强北,20k-40k,经验3-5年,本科,中信银行信用卡中心,"移动互联网,金融",上市公司,2000人以上,互联网金融 银行 分布式 中间件 Java 数据库,“福利好，待遇高，成长快”,20200226,08:31:10,20200226,08:23
https://www.lagou.com/jobs/6516901.html?show=a22751e0b7844aea9c4aedea71a5c09b,大数据工程师,深圳湾,20k-40k,经验5-10年,本科,云天励飞,人工智能,B轮,500-2000人,数据挖掘 数据分析,“人工智能”,20200226,08:31:10,20200225,00:00
https://www.lagou.com/jobs/5724116.html?show=a22751e0b7844aea9c4aedea71a5c09b,android架构师,后海,25k-35k,经验5-10年,本科,美的IoT,硬件,上市公司,2000人以上,Android 移动端 架构师,"“上市公司,500强,六险一金,扁平化管理”",20200226,08:31:10,20200226,08:09
https://www.lagou.com/jobs/5827524.html?show=a22751e0b7844aea9c4aedea71a5c09b,ios架构师,后海,25k-35k,经验5-10年,本科,美的IoT,硬件,上市公司,2000人以上,IOS HTML,"“500强,上市公司,六险一金,扁平化管理”",20200226,08:31:10,20200226,08:09
https://www.lagou.com/jobs/6816201.html?show=a22751e0b7844aea9c4aedea71a5c09b,项目经理,南山区,15k-30k,经验3-5年,本科,360,信息安全,上市公司,2000人以上,项目管理 PMO,“带薪年假 餐补交通补贴 年终奖金”,20200226,08:31:10,20200225,00:00
https://www.lagou.com/jobs/6639516.html?show=a22751e0b7844aea9c4aedea71a5c09b,数据产品经理（B端）,南山区,15k-30k,经验不限,本科,海知智能,"移动互联网,数据服务",A轮,50-150人,需求分析 产品设计 产品策划 项目管理,"“创新前沿,发展空间大,弹性工作,五险一金”",20200226,08:31:10,20200225,00:00
https://www.lagou.com/jobs/6656062.html?show=a22751e0b7844aea9c4aedea71a5c09b,法务专员,白石洲,8k-15k,经验1-3年,本科,有咖互动,移动互联网,B轮,150-500人,法务 知识产权 合规,“微博控股，扁平化管理，七险一金，弹性工时”,20200226,08:31:10,20200226,07:41
https://www.lagou.com/jobs/6718012.html?show=a22751e0b7844aea9c4aedea71a5c09b,高级质量经理/总监,新安,30k-50k,经验5-10年,本科,Insta360影石,"硬件,移动互联网",C轮,150-500人,智能硬件,"“极客文化,全球化视野”",20200226,08:31:10,20200226,07:37
https://www.lagou.com/jobs/6791472.html?show=a22751e0b7844aea9c4aedea71a5c09b,保险商品运营,南山区,15k-25k,经验3-5年,本科,慧择网,"移动互联网,电商",B轮,500-2000人,保险,"“年终奖,年度旅游,免费三餐,定期体检”",20200226,08:31:10,20200225,00:00
https://www.lagou.com/jobs/6738832.html?show=a22751e0b7844aea9c4aedea71a5c09b,安全运维工程师,科技园,15k-25k,经验1-3年,本科,Amber Group,"金融,区块链",不需要融资,50-150人,移动互联网 金融 运维 系统安全运维 数据库 服务器运维,“五险一金 绩效奖 年终奖 下午茶”,20200226,08:31:10,20200225,00:00
https://www.lagou.com/jobs/6798194.html?show=a22751e0b7844aea9c4aedea71a5c09b,交易员,华强北,8k-10k,经验1-3年,大专,广州策楷信息科技有限公司,"金融,软件开发",不需要融资,50-150人,风控,“五险一金 绩效奖金 餐补”,20200226,08:31:23,20200225,00:00
https://www.lagou.com/jobs/6200944.html?show=a22751e0b7844aea9c4aedea71a5c09b,0222UN-业务安全工程师,福田区,10k-20k,经验1-3年,本科,平安人寿,金融,上市公司,2000人以上,金融 安全,"“五险一金,带薪年假,节日福利”",20200226,08:31:23,20200226,00:00
https://www.lagou.com/jobs/5497497.html?show=a22751e0b7844aea9c4aedea71a5c09b,java技术专家(深圳),南山区,25k-50k,经验5-10年,本科,蚂蚁金服集团,"金融,移动互联网",B轮,2000人以上,互联网金融 后端 分布式,"“集团战略,全球化,互联网金融,技术挑战”",20200226,08:31:23,20200225,00:00
https://www.lagou.com/jobs/6819176.html?show=a22751e0b7844aea9c4aedea71a5c09b,资深稽核专员（金服大项目团队）,购物公园,12k-24k,经验3-5年,本科,拉勾猎头,"移动互联网,企业服务",D轮及以上,500-2000人,合规稽查,“大平台”,20200226,08:31:23,20200225,00:00
https://www.lagou.com/jobs/6796395.html?show=a22751e0b7844aea9c4aedea71a5c09b,数据科学家(深圳),南油,25k-40k,经验3-5年,本科,第四范式,企业服务,B轮,500-2000人,新零售 银行 数据挖掘,“六险一金，餐补，通信补助，弹性工作时间”,20200226,08:31:23,20200225,00:00
https://www.lagou.com/jobs/6377494.html?show=a22751e0b7844aea9c4aedea71a5c09b,Android开发工程师,南山区,12k-20k,经验1-3年,本科,TP-LINK,硬件,不需要融资,2000人以上,移动端 Android Swift,"“年终奖金,带薪年假,年度调薪,周末双休”",20200226,08:31:23,20200226,08:29
https://www.lagou.com/jobs/6377477.html?show=a22751e0b7844aea9c4aedea71a5c09b,ios开发工程师,南山区,12k-20k,经验1-3年,本科,TP-LINK,硬件,不需要融资,2000人以上,移动端 IOS Swift,"“年终奖金,带薪年假,年度调薪,周末双休”",20200226,08:31:23,20200226,08:29
https://www.lagou.com/jobs/5940064.html?show=a22751e0b7844aea9c4aedea71a5c09b,高级java开发工程师,华强北,20k-40k,经验3-5年,本科,中信银行信用卡中心,"移动互联网,金融",上市公司,2000人以上,互联网金融 银行 分布式 中间件 Java 数据库,“福利好，待遇高，成长快”,20200226,08:31:23,20200226,08:23
https://www.lagou.com/jobs/6812121.html?show=a22751e0b7844aea9c4aedea71a5c09b,项目经理(J13515),福田区,10k-15k,经验1-3年,本科,银雁金融服务,企业服务,不需要融资,2000人以上,运营管理 平台,“周末双休 免费班车 节日福利”,20200226,08:31:23,20200225,00:00
https://www.lagou.com/jobs/6800113.html?show=a22751e0b7844aea9c4aedea71a5c09b,PMO中级工程师,上梅林,10k-15k,经验3-5年,本科,万睿科技,硬件,不需要融资,500-2000人,PMO QA,“餐补 话贴 年终 旅游 员工体检”,20200226,08:31:23,20200226,00:29
https://www.lagou.com/jobs/6825581.html?show=a22751e0b7844aea9c4aedea71a5c09b,技术专家,南山区,40k-60k,经验10年以上,本科,平安智慧城,移动互联网,不需要融资,2000人以上,医疗健康,“500强背景”,20200226,08:31:23,20200226,08:13
https://www.lagou.com/jobs/3022300.html?show=a22751e0b7844aea9c4aedea71a5c09b,JAVA中高级工程师,新洲,12k-19k,经验3-5年,大专,紫川软件,"电商,金融",不需要融资,500-2000人,分布式 Java SOA,“周末双休 五险一金 员工旅游”,20200226,08:31:23,20200226,07:42
https://www.lagou.com/jobs/6830940.html?show=a22751e0b7844aea9c4aedea71a5c09b,算法工程师,大冲,18k-23k,经验3-5年,本科,紫川软件,"电商,金融",不需要融资,500-2000人,算法,“周末双休 五险一金 员工旅游 员工体检”,20200226,08:31:23,20200226,07:42
https://www.lagou.com/jobs/6823358.html?show=a22751e0b7844aea9c4aedea71a5c09b,高级java后端工程师,新安,15k-25k,经验3-5年,不限,Insta360影石,"硬件,移动互联网",C轮,150-500人,后端 服务器端,“大牛带飞 不做螺丝钉”,20200226,08:31:23,20200226,07:37
https://www.lagou.com/jobs/6829114.html?show=a22751e0b7844aea9c4aedea71a5c09b,android开发工程师,可园,10k-15k,经验1-3年,大专,深圳市云宸智创科技有限公司,"文娱丨内容,社交",天使轮,少于15人,移动互联网 社交 移动端 Android,“双休+奖金+发展空间”,20200226,08:31:23,20200226,07:45
https://www.lagou.com/jobs/6763012.html?show=a22751e0b7844aea9c4aedea71a5c09b,大数据开发工程师,坂田,15k-28k,经验3-5年,本科,云途物流,物流丨运输,B轮,2000人以上,数据挖掘 数据仓库 Spark Scala,“项目奖金 下午茶 地铁口 五险一金”,20200226,08:31:41,20200225,00:00
https://www.lagou.com/jobs/6763656.html?show=a22751e0b7844aea9c4aedea71a5c09b,DU5586-风控管理专员,南山区,8k-15k,经验3-5年,本科,顺丰速运,物流丨运输,上市公司,2000人以上,电商,"“发展快,空间大,前景好”",20200226,08:31:41,20200225,00:00
https://www.lagou.com/jobs/6148867.html?show=a22751e0b7844aea9c4aedea71a5c09b,项目经理,科技园,15k-30k,经验3-5年,本科,互联科技,"移动互联网,企业服务",不需要融资,15-50人,企业服务 信息安全,"“弹性工作,创新国际,五险一金,奖金津贴”",20200226,08:31:41,20200226,06:13
https://www.lagou.com/jobs/6129759.html?show=a22751e0b7844aea9c4aedea71a5c09b,大数据开发工程师,南山区,25k-30k,经验3-5年,本科,天天看看,"移动互联网,文娱丨内容",不需要融资,50-150人,大数据 Hive Spark Storm Flink,"“提升快,机会多,主管请吃饭,福利好”",20200226,08:31:41,20200225,00:00
https://www.lagou.com/jobs/6821032.html?show=a22751e0b7844aea9c4aedea71a5c09b,外汇管理专员,南山区,15k-25k,经验3-5年,本科,TCL金融控股集团,金融,未融资,150-500人,金融,"“发展空间大,福利待遇好,奖金丰厚”",20200226,08:31:41,20200225,00:00
https://www.lagou.com/jobs/3034264.html?show=a22751e0b7844aea9c4aedea71a5c09b,软件产品经理,福田区,15k-20k,经验3-5年,本科,深圳穗彩,"移动互联网,数据服务",上市公司,150-500人,彩票 产品设计,"“核心产品,上市公司,年终奖金,分布式系统”",20200226,08:31:41,20200225,00:00
https://www.lagou.com/jobs/6721243.html?show=a22751e0b7844aea9c4aedea71a5c09b,产品经理（销售系统）,福田区,15k-25k,经验3-5年,本科,深圳穗彩,"移动互联网,数据服务",上市公司,150-500人,产品设计 产品策划 用户研究 需求分析,"“上市集团,福利好,项目奖,年终奖”",20200226,08:31:41,20200225,00:00
https://www.lagou.com/jobs/5430116.html?show=a22751e0b7844aea9c4aedea71a5c09b,大数据开发工程师,南山区,15k-30k,经验5-10年,本科,华润置地商业地产总部,其他,上市公司,500-2000人,Hadoop Spark ETL,“完善的薪酬福利体系，商业地产，O2O平台”,20200226,08:31:41,20200225,00:00
https://www.lagou.com/jobs/6221742.html?show=a22751e0b7844aea9c4aedea71a5c09b,java架构师,科技园,45k-60k,经验5-10年,本科,慧择信息集团,"移动互联网,企业服务",不需要融资,500-2000人,Java,“地铁口、福利佳”,20200226,08:31:41,20200226,08:30
https://www.lagou.com/jobs/6757594.html?show=a22751e0b7844aea9c4aedea71a5c09b,健管平台产品经理,深圳湾,15k-30k,经验5-10年,本科,脑医生,"医疗丨健康,数据服务",A轮,15-50人,大数据 医疗健康,"“人工智能,高端前沿,前景广阔”",20200226,08:31:41,20200225,00:00
https://www.lagou.com/jobs/6662993.html?show=a22751e0b7844aea9c4aedea71a5c09b,法务经理/主管,西丽,10k-20k,经验3-5年,本科,萨摩耶金服,金融,C轮,150-500人,互联网金融 借贷 法务 律师 不良资产处置,"“精英团队,福利待遇好,工作氛围好”",20200226,08:31:41,20200225,00:00
https://www.lagou.com/jobs/6317141.html?show=a22751e0b7844aea9c4aedea71a5c09b,测试工程师,福田区,10k-15k,经验3-5年,本科,海万科技,"移动互联网,金融",不需要融资,500-2000人,测试,“朝九晚六、周末双休”,20200226,08:31:41,20200225,00:00
https://www.lagou.com/jobs/6403091.html?show=a22751e0b7844aea9c4aedea71a5c09b,AI算法工程师,福田区,20k-40k,经验1-3年,本科,奇虎360金融,金融,上市公司,500-2000人,人工智能 机器学习 建模,"“平台大,行业新,技术深”",20200226,08:31:41,20200225,00:00
https://www.lagou.com/jobs/6655739.html?show=a22751e0b7844aea9c4aedea71a5c09b,大数据开发经理,南油,20k-30k,经验5-10年,本科,保微科技,"移动互联网,企业服务",B轮,500-2000人,大数据 保险 DBA Hadoop 数据挖掘 数据分析,"“国外项目,发展机会多,行业前景好”",20200226,08:31:41,20200225,00:00
https://www.lagou.com/jobs/6810452.html?show=a22751e0b7844aea9c4aedea71a5c09b,初中级HRBP,南油,10k-15k,经验3-5年,大专,速度网络,其他,不需要融资,15-50人,HRBP HR 人力资源,“待遇好”,20200226,08:31:41,20200226,07:39
https://www.lagou.com/jobs/6392015.html?show=a22751e0b7844aea9c4aedea71a5c09b,测试开发工程师（腾讯外包）,南油,12k-20k,经验3-5年,本科,微创软件,"企业服务,移动互联网",不需要融资,2000人以上,自动化测试,“游戏运营”,20200226,08:32:00,20200225,00:00
https://www.lagou.com/jobs/5457746.html?show=a22751e0b7844aea9c4aedea71a5c09b,法务主管,科技园,15k-20k,经验3-5年,本科,苹果树,"金融,数据服务",A轮,150-500人,法务 合规 尽职调查 专利,"“氛围活跃,技术提升,技术大牛，福利丰富，”",20200226,08:32:00,20200225,00:00
https://www.lagou.com/jobs/3763079.html?show=a22751e0b7844aea9c4aedea71a5c09b,售前工程师,南山区,15k-30k,经验1-3年,本科,数美,"企业服务,数据服务",C轮,150-500人,金融,"“大牛如云,五险一金,补充医疗,14薪”",20200226,08:32:00,20200226,05:37
https://www.lagou.com/jobs/3325317.html?show=a22751e0b7844aea9c4aedea71a5c09b,高级售前工程师,石厦,15k-30k,经验3-5年,本科,数美,"企业服务,数据服务",C轮,150-500人,大数据 金融,"“海量数据,大牛云集,股票期权,待遇给力”",20200226,08:32:00,20200226,05:37
https://www.lagou.com/jobs/6221742.html?show=a22751e0b7844aea9c4aedea71a5c09b,java架构师,科技园,45k-60k,经验5-10年,本科,慧择信息集团,"移动互联网,企业服务",不需要融资,500-2000人,Java,“地铁口、福利佳”,20200226,08:32:00,20200226,08:30
https://www.lagou.com/jobs/6607183.html?show=a22751e0b7844aea9c4aedea71a5c09b,服务器测试,大冲,20k-40k,经验5-10年,本科,wlaike,"移动互联网,企业服务",B轮,150-500人,性能测试 自动化测试 Server端测试,“牛人多 交通补贴 餐补 绩效奖 海外旅游”,20200226,08:32:00,20200225,00:00
https://www.lagou.com/jobs/6821881.html?show=a22751e0b7844aea9c4aedea71a5c09b,高级信息安全工程师,科技园,25k-35k,经验3-5年,本科,金蝶,企业服务,上市公司,2000人以上,企业服务 云计算 安全 CDN Web安全,“大平台发展好薪资福利好”,20200226,08:32:00,20200226,07:56
https://www.lagou.com/jobs/5563719.html?show=a22751e0b7844aea9c4aedea71a5c09b,风控策略/政策总监,科技园,40k-55k,经验5-10年,本科,乐刷,移动互联网,C轮,500-2000人,互联网金融 策略设计 风控,"“五险一金,节假福利,技术氛围强”",20200226,08:32:00,20200225,00:00
https://www.lagou.com/jobs/6817443.html?show=a22751e0b7844aea9c4aedea71a5c09b,管理会计（可远程面试）,大冲,7k-12k,经验1-3年,本科,尚游游戏,游戏,不需要融资,150-500人,游戏 会计 财务,“扁平化管理 有机会全面接触 上升空间大”,20200226,08:32:00,20200225,00:00
https://www.lagou.com/jobs/6819059.html?show=a22751e0b7844aea9c4aedea71a5c09b,印度催收主管,科技园,20k-40k,经验不限,大专,雪月网络,"数据服务,软件开发",不需要融资,150-500人,合规稽查 风控,“扁平化管理，人性化管理，晋升空间广阔”,20200226,08:32:00,20200225,00:00
https://www.lagou.com/jobs/6819800.html?show=a22751e0b7844aea9c4aedea71a5c09b,安全专家,坂田,25k-50k,经验5-10年,本科,华为技术有限公司,通讯电子,不需要融资,2000人以上,信息安全 技术管理 高级技术管理 架构师,“工业4.0数字化产品开发，引领数字化潮流”,20200226,08:32:00,20200226,07:50
https://www.lagou.com/jobs/6777939.html?show=a22751e0b7844aea9c4aedea71a5c09b,投诉处理,深圳湾,7k-8k,经验1-3年,大专,小赢科技,金融,上市公司,500-2000人,投诉客服,“福利待遇、良好的氛围、有竞争力的薪酬方案”,20200226,08:32:00,20200225,00:00
https://www.lagou.com/jobs/6752944.html?show=a22751e0b7844aea9c4aedea71a5c09b,投诉处理专家,深圳湾,7k-8k,经验1-3年,大专,小赢科技,金融,上市公司,500-2000人,客服 投诉客服,“五险一金、温馨氛围”,20200226,08:32:00,20200225,00:00
https://www.lagou.com/jobs/6754896.html?show=a22751e0b7844aea9c4aedea71a5c09b,风控系统专家（IT方向）,南山区,25k-40k,经验5-10年,本科,招联金融,金融,不需要融资,500-2000人,互联网金融 架构师 软件开发 后端,"“福利好,奖金丰厚,风口项目,发展空间大”",20200226,08:32:00,20200225,00:00
https://www.lagou.com/jobs/6734018.html?show=a22751e0b7844aea9c4aedea71a5c09b,高级实施顾问（hr方向）,科技园,15k-30k,经验5-10年,本科,金蝶,企业服务,上市公司,2000人以上,实施,“实施交付 hr实施”,20200226,08:32:00,20200225,00:00
https://www.lagou.com/jobs/6733995.html?show=a22751e0b7844aea9c4aedea71a5c09b,实施项目经理（HR方向）,科技园,18k-36k,经验10年以上,本科,金蝶,企业服务,上市公司,2000人以上,项目管理 实施,“实施交付 hr实施”,20200226,08:32:19,20200225,00:00
https://www.lagou.com/jobs/6066583.html?show=a22751e0b7844aea9c4aedea71a5c09b,风控专员,南山区,6k-8k,经验1-3年,大专,探物科技,移动互联网,A轮,50-150人,风控 风险分析 风险评估,“弹性上班 晚餐”,20200226,08:32:19,20200225,00:00
https://www.lagou.com/jobs/6817154.html?show=a22751e0b7844aea9c4aedea71a5c09b,风控综合管理岗,大冲,10k-15k,经验3-5年,大专,云印技术,消费生活,B轮,150-500人,风控 审核,“扁平化管理、大牛云集、生日关怀、多元培训”,20200226,08:32:19,20200225,00:00
https://www.lagou.com/jobs/6731125.html?show=a22751e0b7844aea9c4aedea71a5c09b,银行境外信息系统架构师（工作地点：深圳）,福田区,30k-59k,经验5-10年,本科,兴业数金,"金融,移动互联网",不需要融资,500-2000人,架构师,“海外机构”,20200226,08:32:19,20200226,08:18
https://www.lagou.com/jobs/6518419.html?show=a22751e0b7844aea9c4aedea71a5c09b,信息安全工程师,南山区,15k-25k,经验1-3年,本科,Crypto.com,"移动互联网,电商",B轮,150-500人,信息安全,“20天有薪年假，五险一金，生日福利”,20200226,08:32:19,20200225,00:00
https://www.lagou.com/jobs/6790570.html?show=a22751e0b7844aea9c4aedea71a5c09b,信用策略（线下）,福田区,15k-25k,经验不限,不限,奇虎360金融,金融,上市公司,500-2000人,风控,“福利待遇”,20200226,08:32:19,20200225,00:00
https://www.lagou.com/jobs/6684172.html?show=a22751e0b7844aea9c4aedea71a5c09b,印度催收总监,科技园,20k-40k,经验不限,大专,无双软件科技,"金融,人工智能",不需要融资,50-150人,部门管理,“扁平化管理，人性化管理，晋升空间广阔”,20200226,08:32:19,20200225,00:00
https://www.lagou.com/jobs/4819191.html?show=a22751e0b7844aea9c4aedea71a5c09b,项目管理工程师,南山医院,15k-25k,经验3-5年,本科,招银网络科技,金融,不需要融资,2000人以上,项目管理,“大平台 行业领先 福利待遇好”,20200226,08:32:19,20200225,00:00
https://www.lagou.com/jobs/6595674.html?show=a22751e0b7844aea9c4aedea71a5c09b,海外内容库运营经理,南山区,15k-30k,经验3-5年,本科,大宇无限,移动互联网,C轮,50-150人,移动互联网 运营,“高速发展 六险一金 提供三餐 成长快”,20200226,08:32:19,20200226,01:07
https://www.lagou.com/jobs/6646923.html?show=a22751e0b7844aea9c4aedea71a5c09b,java架构师,前海,25k-50k,经验5-10年,本科,速科技,移动互联网,C轮,150-500人,后端 分布式 架构师,“六险一金、股权激励、丰厚年终奖”,20200226,08:32:19,20200226,08:25
https://www.lagou.com/jobs/6705819.html?show=a22751e0b7844aea9c4aedea71a5c09b,DSQ-高级产品经理,大冲,18k-35k,经验5-10年,本科,顺丰科技有限公司,"软件开发,数据服务",不需要融资,2000人以上,产品设计,“职位发展前景大，福利高”,20200226,08:32:19,20200225,00:00
https://www.lagou.com/jobs/5778808.html?show=a22751e0b7844aea9c4aedea71a5c09b,26112T-客户专员（深圳),福田区,6k-8k,经验1-3年,大专,平安租赁,金融,不需要融资,500-2000人,其他,"“五险一金,绩效奖金,定期体检,节日福利”",20200226,08:32:19,20200226,00:00
https://www.lagou.com/jobs/6723330.html?show=a22751e0b7844aea9c4aedea71a5c09b,商务执行,南山区,6k-12k,经验不限,不限,妍媸文化,"文娱丨内容,移动互联网",不需要融资,50-150人,媒体 视频 市场 数据分析 渠道 市场竞争分析,“公司平台好行业前景佳工作氛围赞福利待遇优”,20200226,08:32:19,20200226,00:01
https://www.lagou.com/jobs/6752756.html?show=a22751e0b7844aea9c4aedea71a5c09b,运营专员（储备主管-需出差）,大冲,6k-10k,经验1年以下,本科,他趣,"移动互联网,电商",上市公司,500-2000人,金融,“良好的晋升空间 年终奖 超nice团队”,20200226,08:32:19,20200225,00:00
https://www.lagou.com/jobs/6787453.html?show=a22751e0b7844aea9c4aedea71a5c09b,风控管理专员,上沙,11k-15k,经验5-10年,本科,顺丰-丰e足食,"移动互联网,消费生活",上市公司,2000人以上,新零售 移动互联网 风控 p2p产品 分析师 行业研究,“风控把控 晋升空间大 福利待遇”,20200226,08:32:19,20200225,00:00
https://www.lagou.com/jobs/6797740.html?show=a22751e0b7844aea9c4aedea71a5c09b,高级java开发工程 师,科技园,15k-25k,经验3-5年,不限,瓶子科技,移动互联网,不需要融资,50-150人,医疗健康 移动开发,“发展空间、绩效奖金”,20200226,08:32:37,20200225,00:00
https://www.lagou.com/jobs/5750780.html?show=a22751e0b7844aea9c4aedea71a5c09b,数据安全(J11897),上梅林,20k-40k,经验3-5年,本科,货拉拉,"移动互联网,消费生活",D轮及以上,2000人以上,安全,“年终奖 五险一金 团建 节日礼品”,20200226,08:32:37,20200225,00:00
https://www.lagou.com/jobs/6833763.html?show=a22751e0b7844aea9c4aedea71a5c09b,devops,科技园,12k-22k,经验3-5年,本科,YIDATEC,"移动互联网,游戏",不需要融资,2000人以上,Java CI CD 运维开发,“班车接送，包早餐。”,20200226,08:32:37,20200225,00:00
https://www.lagou.com/jobs/6807680.html?show=a22751e0b7844aea9c4aedea71a5c09b,财务总监-社招,科技园,40k-80k,经验应届毕业生,本科,赛诺瑞投资管理中心,通讯电子,人工智能,未融资,移动互联网 教育,“推荐引擎技术、大数据挖掘、人工智能技术”,20200226,08:32:37,20200226,07:35
https://www.lagou.com/jobs/6797326.html?show=a22751e0b7844aea9c4aedea71a5c09b,风控策略专家（深圳）,南山区,10k-20k,经验1-3年,不限,墨智科技,"移动互联网,数据服务",A轮,15-50人,大数据 借贷 风控 信用产品 策略设计 资信评估,"“硅谷团队,团队氛围佳,发展空间大”",20200226,08:32:37,20200225,00:00
https://www.lagou.com/jobs/5772799.html?show=a22751e0b7844aea9c4aedea71a5c09b,系统测试工程师,科技园,15k-30k,经验3-5年,本科,WeSure微保,金融,不需要融资,500-2000人,测试,“发展前景”,20200226,08:32:37,20200225,00:00
https://www.lagou.com/jobs/6757724.html?show=a22751e0b7844aea9c4aedea71a5c09b,游戏测试,南山区,10k-20k,经验1-3年,大专,辉耀互娱,"游戏,移动互联网",A轮,150-500人,游戏 测试 功能测试 性能测试 Windows测试,"“双休,五险一金，下午茶，年终奖，绩效奖”",20200226,08:32:37,20200225,00:00
https://www.lagou.com/jobs/6615426.html?show=a22751e0b7844aea9c4aedea71a5c09b,测试开发工程师,宝安区,15k-30k,经验3-5年,本科,京东集团,电商,上市公司,2000人以上,测试,“世界500强”,20200226,08:32:37,20200225,00:00
https://www.lagou.com/jobs/5676080.html?show=a22751e0b7844aea9c4aedea71a5c09b,业务运维工程师,南山区,10k-20k,经验3-5年,本科,即构科技,"移动互联网,企业服务",B轮,150-500人,故障监控 故障排查 服务器运维 运维,"“牛人团队,产品牛,市场大”",20200226,08:32:37,20200225,00:00
https://www.lagou.com/jobs/5633725.html?show=a22751e0b7844aea9c4aedea71a5c09b,安全服务售前工程师（深圳）,香蜜湖,12k-20k,经验3-5年,本科,安恒信息,"信息安全,数据服务",上市公司,500-2000人,信息安全 安全,“五险一金 带薪年假 国内外旅游”,20200226,08:32:37,20200225,00:00
https://www.lagou.com/jobs/6772250.html?show=a22751e0b7844aea9c4aedea71a5c09b,高级税务师,南山区,15k-20k,经验5-10年,本科,深圳标普云科技有限公司,移动互联网,B轮,150-500人,税务,“五险一金、绩效奖金、股票期权、行业前景好”,20200226,08:32:37,20200225,00:00
https://www.lagou.com/jobs/6234454.html?show=a22751e0b7844aea9c4aedea71a5c09b,Java开发经理,大冲,21k-30k,经验5-10年,本科,爱问科技,"移动互联网,社交",不需要融资,150-500人,技术管理 系统架构 高级技术管理,“五险一金 年终福利 带薪年假 员工旅游”,20200226,08:32:37,20200225,00:00
https://www.lagou.com/jobs/5647681.html?show=a22751e0b7844aea9c4aedea71a5c09b,安全运营工程师,南山区,12k-22k,经验3-5年,本科,招联金融,金融,不需要融资,500-2000人,互联网金融 借贷 安全,"“行业独角兽,奖金丰厚,发展空间大,福利好”",20200226,08:32:37,20200225,00:00
https://www.lagou.com/jobs/6327791.html?show=a22751e0b7844aea9c4aedea71a5c09b,财务总监,南山区,25k-50k,经验5-10年,本科,优乐学科技,"移动互联网,教育",B轮,150-500人,结算 风控 成本,“五险一金 团队旅游 氛围超好”,20200226,08:32:37,20200225,00:00
https://www.lagou.com/jobs/6777542.html?show=a22751e0b7844aea9c4aedea71a5c09b,软件产品经理,石厦,12k-24k,经验3-5年,本科,深圳联通,"移动互联网,信息安全",上市公司,2000人以上,移动互联网 企业服务 产品设计 需求分析 项目管理 企业软件,"“500强,快速晋升,多元发展”",20200226,08:32:38,20200225,00:00
https://www.lagou.com/jobs/6777542.html?show=a22751e0b7844aea9c4aedea71a5c09b,软件产品经理,石厦,12k-24k,经验3-5年,本科,深圳联通,"移动互联网,信息安全",上市公司,2000人以上,移动互联网 企业服务 产品设计 需求分析 项目管理 企业软件,"“500强,快速晋升,多元发展”",20200226,08:32:54,20200225,00:00
https://www.lagou.com/jobs/6816480.html?show=a22751e0b7844aea9c4aedea71a5c09b,法务专员,南山区,7k-14k,经验不限,本科,威尔视觉,"移动互联网,文娱丨内容",天使轮,50-150人,移动互联网 云计算 法务 合规 尽职调查,"“成长空间大,六险一金,年假十天起”",20200226,08:32:54,20200225,00:00
https://www.lagou.com/jobs/5455182.html?show=a22751e0b7844aea9c4aedea71a5c09b,销售管理培训生,南山区,6k-12k,经验应届毕业生,本科,数美,"企业服务,数据服务",C轮,150-500人,销售,"“海量数据,股票期权,待遇给力”",20200226,08:32:54,20200226,05:37
https://www.lagou.com/jobs/6461681.html?show=a22751e0b7844aea9c4aedea71a5c09b,法务主管,科技园,15k-20k,经验5-10年,本科,三代人科技,"移动互联网,医疗丨健康",不需要融资,150-500人,医疗健康 移动互联网 法务 合规,“互联网+，团队氛围好，发展前景佳”,20200226,08:32:54,20200225,00:00
https://www.lagou.com/jobs/6754897.html?show=a22751e0b7844aea9c4aedea71a5c09b,风控系统架构师,南山区,25k-35k,经验5-10年,本科,招联金融,金融,不需要融资,500-2000人,互联网金融 系统架构 架构师,"“福利好,奖金丰厚,风口项目,发展空间大”",20200226,08:32:54,20200225,00:00
https://www.lagou.com/jobs/6824055.html?show=a22751e0b7844aea9c4aedea71a5c09b,财务经理,科技园,10k-12k,经验3-5年,本科,换换优品,"移动互联网,电商",不需要融资,50-150人,财务,“财务经理”,20200226,08:32:54,20200225,00:00
https://www.lagou.com/jobs/6828751.html?show=a22751e0b7844aea9c4aedea71a5c09b,大数据测试开发工程师,福田区,15k-28k,经验5-10年,本科,伽轩,"电商,移动互联网",B轮,150-500人,互联网金融 保险,“行业知名企业，平台稳定，团队大牛多”,20200226,08:32:54,20200225,00:00
https://www.lagou.com/jobs/6220571.html?show=a22751e0b7844aea9c4aedea71a5c09b,安全工程师,深圳湾,20k-40k,经验3-5年,本科,小赢科技,金融,上市公司,500-2000人,安全,"“绩效奖金,弹性工作,五险一金”",20200226,08:32:54,20200225,00:00
https://www.lagou.com/jobs/6597423.html?show=a22751e0b7844aea9c4aedea71a5c09b,资深信息安全工程师,深圳湾,30k-45k,经验5-10年,本科,喜茶,"移动互联网,消费生活",B轮,2000人以上,移动互联网 安全 网络安全 信息安全,"“弹性工作,千万级用户,奖金丰厚”",20200226,08:32:54,20200225,00:00
https://www.lagou.com/jobs/6668718.html?show=a22751e0b7844aea9c4aedea71a5c09b,风控经理,福田区,10k-15k,经验1-3年,大专,深圳润泰丝路智能零售有限公司,"电商,消费生活",未融资,50-150人,新零售 风控,“福利待遇 发展前景”,20200226,08:32:54,20200225,00:00
https://www.lagou.com/jobs/4451275.html?show=a22751e0b7844aea9c4aedea71a5c09b,法务专员,南山区,8k-14k,经验1-3年,本科,天天看看,"移动互联网,文娱丨内容",不需要融资,50-150人,法务 律师,"“机会好,提升快,团队优秀.管理扁平化”",20200226,08:32:54,20200225,00:00
https://www.lagou.com/jobs/6716202.html?show=a22751e0b7844aea9c4aedea71a5c09b,需求计划员,龙华新区,6k-9k,经验3-5年,大专,第一卫,电商,未融资,500-2000人,电商,“六险一金 包住宿 工作氛围好”,20200226,08:32:55,20200225,00:00
https://www.lagou.com/jobs/6232802.html?show=a22751e0b7844aea9c4aedea71a5c09b,信息安全工程师（数据安全）,宝安区,15k-30k,经验1-3年,大专,跨越速运,其他,不需要融资,2000人以上,安全,“工龄奖、月度之星、团建活动、培训、分享会”,20200226,08:32:55,20200225,00:00
https://www.lagou.com/jobs/6802371.html?show=a22751e0b7844aea9c4aedea71a5c09b,销售/销售经理,黄木岗,10k-20k,经验1-3年,大专,盈嘉互联,"移动互联网,企业服务",不需要融资,50-150人,大数据 企业服务 销售 大客户销售 区域销售,“领导NICE 职位空间大 福利好 提成高”,20200226,08:32:55,20200226,00:40
https://www.lagou.com/jobs/6762862.html?show=a22751e0b7844aea9c4aedea71a5c09b,销售经理,黄木岗,15k-30k,经验1-3年,大专,盈嘉互联,"移动互联网,企业服务",不需要融资,50-150人,软件销售 区域销售 商务拓展 大客户销售,"“五险一金,免费零食,职位晋升,健康体检”",20200226,08:32:55,20200226,00:40
https://www.lagou.com/jobs/6762862.html?show=a22751e0b7844aea9c4aedea71a5c09b,销售经理,黄木岗,15k-30k,经验1-3年,大专,盈嘉互联,"移动互联网,企业服务",不需要融资,50-150人,软件销售 区域销售 商务拓展 大客户销售,"“五险一金,免费零食,职位晋升,健康体检”",20200226,08:33:06,20200226,00:40
https://www.lagou.com/jobs/6714307.html?show=a22751e0b7844aea9c4aedea71a5c09b,销售,黄木岗,10k-20k,经验1-3年,大专,盈嘉互联,"移动互联网,企业服务",不需要融资,50-150人,区域销售 BD KA 软件销售,"“五险一金,员工福利,健康体检,下午茶”",20200226,08:33:06,20200226,00:40
https://www.lagou.com/jobs/6782116.html?show=a22751e0b7844aea9c4aedea71a5c09b,财务总监,科技园,30k-40k,经验10年以上,本科,易博天下,"移动互联网,消费生活",上市公司,150-500人,审计 总账 税务 财务,“发展好 年终奖金 团队氛围好”,20200226,08:33:06,20200225,00:00
https://www.lagou.com/jobs/6318215.html?show=a22751e0b7844aea9c4aedea71a5c09b,HAK-人工智能与机器学习高级工程师,南山区,25k-45k,经验5-10年,硕士,顺丰科技有限公司,"软件开发,数据服务",不需要融资,2000人以上,人工智能 机器学习 NLP 算法,“弹性上下班；午餐补贴；五险一金；绩效奖金”,20200226,08:33:06,20200225,00:00
https://www.lagou.com/jobs/6832072.html?show=a22751e0b7844aea9c4aedea71a5c09b,HRBP,南山区,20k-25k,经验5-10年,本科,编程猫,"移动互联网,教育",C轮,2000人以上,绩效管理 组织发展（OD）,“萌猫任撸 氛围年轻 晋升机会超多”,20200226,08:33:06,20200225,00:00
https://www.lagou.com/jobs/6799867.html?show=a22751e0b7844aea9c4aedea71a5c09b,财务分析经理（深圳）,南山区,11k-22k,经验5-10年,本科,Anker,移动互联网,不需要融资,500-2000人,电商 移动互联网 财务,“六险一金 年底双薪 包吃 带薪年假”,20200226,08:33:06,20200226,00:13
https://www.lagou.com/jobs/6642247.html?show=a22751e0b7844aea9c4aedea71a5c09b,项目经理,南山区,20k-35k,经验5-10年,本科,金证股份,金融,上市公司,2000人以上,PMP 需求分析 成本管理 过程管理,“五险一金 待遇好 平台大”,20200226,08:33:06,20200225,00:00
https://www.lagou.com/jobs/5907755.html?show=a22751e0b7844aea9c4aedea71a5c09b,蚂蚁金服-JAVA测试开发工程师/专家-微贷技术,后海,28k-56k,经验应届毕业生,本科,蚂蚁金服集团,"金融,移动互联网",B轮,2000人以上,白盒测试 测试开发 测试 产品测试,"“战略事业群,**技术,成长空间大高手云集”",20200226,08:33:06,20200224,00:00
https://www.lagou.com/jobs/6801199.html?show=a22751e0b7844aea9c4aedea71a5c09b,合约管理专员（集团总部）,留医部,6k-12k,经验不限,本科,世联行,企业服务,上市公司,2000人以上,法务 合规,“上司公司稳定，公司发展平台大”,20200226,08:33:06,20200225,00:00
https://www.lagou.com/jobs/6027319.html?show=a22751e0b7844aea9c4aedea71a5c09b,大数据项目经理【深圳】,南山区,15k-30k,经验5-10年,本科,数澜科技,"企业服务,数据服务",A轮,150-500人,大数据 项目管理,“六险一金、股票期权”,20200226,08:33:07,20200225,00:00
https://www.lagou.com/jobs/6647277.html?show=a22751e0b7844aea9c4aedea71a5c09b,风控系统开发经理：,南山区,40k-80k,经验3-5年,不限,招商证券信息技术中心,"企业服务,其他",上市公司,2000人以上,数据库,“金融科技领军、大舞台大作为”,20200226,08:33:07,20200225,00:00
https://www.lagou.com/jobs/6758330.html?show=a22751e0b7844aea9c4aedea71a5c09b,财务分析岗,南山区,20k-30k,经验5-10年,本科,乐刷,移动互联网,C轮,500-2000人,分析 财务,"“有挑战,平台好”",20200226,08:33:07,20200225,00:00
https://www.lagou.com/jobs/6154066.html?show=a22751e0b7844aea9c4aedea71a5c09b,商务经理,西丽,12k-18k,经验3-5年,本科,Immotor易马达科技,"硬件,移动互联网",B轮,150-500人,渠道 商务,"“五险一金,绩效奖金,年终奖金”",20200226,08:33:07,20200225,00:00
https://www.lagou.com/jobs/4470097.html?show=a22751e0b7844aea9c4aedea71a5c09b,软件测试工程师,南山区,10k-20k,经验3-5年,本科,TCL,"移动互联网,其他",上市公司,2000人以上,测试 自动化,"“平台好,大牛多,福利赞”",20200226,08:33:07,20200225,00:00
https://www.lagou.com/jobs/5500519.html?show=a22751e0b7844aea9c4aedea71a5c09b,高级HRBP,南山区,8k-15k,经验3-5年,本科,风变科技（深圳）有限公司,"移动互联网,教育",B轮,500-2000人,教育 移动互联网 HRBP 招聘 员工培训,“成长空间大、年轻开放、学习型企业文化”,20200226,08:33:07,20200225,00:00
https://www.lagou.com/jobs/6742198.html?show=a22751e0b7844aea9c4aedea71a5c09b,情感咨询顾问,新洲,13k-16k,经验不限,大专,珍爱网,"社交,消费生活",不需要融资,2000人以上,销售 客户代表 大客户销售,“高收入，晋升空间大”,20200226,08:33:18,20200225,00:00
https://www.lagou.com/jobs/6630082.html?show=a22751e0b7844aea9c4aedea71a5c09b,架构师技术专家,科技园,50k-100k,经验10年以上,本科,蘑菇公司,"移动互联网,金融",A轮,50-150人,移动互联网 工具软件 系统架构 架构师 高级技术管理,“大牛导师 发展空间大 福利待遇好”,20200226,08:33:18,20200225,00:00
https://www.lagou.com/jobs/6664963.html?show=a22751e0b7844aea9c4aedea71a5c09b,技术总监,科技园,40k-70k,经验5-10年,本科,蘑菇公司,"移动互联网,金融",A轮,50-150人,移动互联网 工具软件 技术管理 系统架构 架构师,“发展空间大 福利待遇好”,20200226,08:33:18,20200225,00:00
https://www.lagou.com/jobs/6160003.html?show=a22751e0b7844aea9c4aedea71a5c09b,运营主管,翠竹,6k-10k,经验3-5年,大专,周大生,"企业服务,其他",上市公司,2000人以上,电商,“福利待遇，人性化管理”,20200226,08:33:18,20200225,00:00
https://www.lagou.com/jobs/3420962.html?show=a22751e0b7844aea9c4aedea71a5c09b,2D/3D美术设计师,科技园,8k-16k,经验1-3年,大专,战吼,"移动互联网,社交",A轮,15-50人,游戏 原画 2D 3D U3D,"“工作氛围轻,项目奖金,五险一金,爆款游戏”",20200226,08:33:18,20200225,00:00
https://www.lagou.com/jobs/6770450.html?show=a22751e0b7844aea9c4aedea71a5c09b,风控专员,莲花二村,5k-10k,经验不限,大专,鹏金所,金融,A轮,50-150人,风控 产品设计,“一人多岗+自由流动+万科”,20200226,08:33:18,20200225,00:00
https://www.lagou.com/jobs/6417848.html?show=a22751e0b7844aea9c4aedea71a5c09b,传输算法测试工程师,南山区,25k-50k,经验不限,不限,快手,文娱丨内容,D轮及以上,2000人以上,测试,"“大牛团队,产品超赞,薪酬福利好,弹性工作”",20200226,08:33:18,20200225,00:00
https://www.lagou.com/jobs/6766017.html?show=a22751e0b7844aea9c4aedea71a5c09b,安全leader,南油,20k-40k,经验5-10年,本科,中纺云,企业服务,未融资,500-2000人,安全专家 架构师 高级技术管理,"“五险一金,团建活动,下午茶”",20200226,08:33:18,20200225,00:00
https://www.lagou.com/jobs/6776438.html?show=a22751e0b7844aea9c4aedea71a5c09b,云效测试咨询,新安,12k-23k,经验3-5年,大专,YIDATEC,"移动互联网,游戏",不需要融资,2000人以上,Selenium 测试开发 自动化 接口测试,“六险一金，周末双休”,20200226,08:33:18,20200225,00:00
https://www.lagou.com/jobs/6216758.html?show=a22751e0b7844aea9c4aedea71a5c09b,法务专员,福田区,10k-15k,经验3-5年,大专,壹办公科技,"移动互联网,电商",上市公司,150-500人,电商 法务,“周末双休下午茶五险一金法定节假日舒适环境”,20200226,08:33:18,20200225,00:00
https://www.lagou.com/jobs/6832670.html?show=a22751e0b7844aea9c4aedea71a5c09b,高级项目经理,龙华新区,15k-20k,经验3-5年,大专,蝶变智慧医用,"医疗丨健康,软件开发",天使轮,50-150人,项目管理,“团队搭建、管理”,20200226,08:33:19,20200225,00:00
https://www.lagou.com/jobs/6763636.html?show=a22751e0b7844aea9c4aedea71a5c09b,383107-数据产品经理（风控方向）,福田区,15k-20k,经验3-5年,本科,平安金融壹账通,金融,上市公司,500-2000人,金融 产品设计,"“五险一金,带薪年假,节日福利,定期体检”",20200226,08:33:19,20200226,00:00
https://www.lagou.com/jobs/6814960.html?show=a22751e0b7844aea9c4aedea71a5c09b,研发项目管理工程师（小米路由）,南山区,20k-40k,经验3-5年,本科,小米,硬件,D轮及以上,2000人以上,项目管理,“大平台”,20200226,08:33:19,20200225,00:00
https://www.lagou.com/jobs/6814986.html?show=a22751e0b7844aea9c4aedea71a5c09b,研发项目管理工程师（小米路由）,南山区,20k-40k,经验3-5年,本科,小米,硬件,D轮及以上,2000人以上,项目管理,“大平台”,20200226,08:33:19,20200225,00:00
https://www.lagou.com/jobs/6792811.html?show=a22751e0b7844aea9c4aedea71a5c09b,IT内控审计专员,福田区,10k-20k,经验1-3年,本科,KLOOK 客路旅行,旅游,D轮及以上,500-2000人,电商 旅游 风控 合规 审核 风险管理,“国际化平台”,20200226,08:33:19,20200226,00:24
https://www.lagou.com/jobs/6224307.html?show=a22751e0b7844aea9c4aedea71a5c09b,内控经理,福田区,15k-30k,经验5-10年,不限,KLOOK 客路旅行,旅游,D轮及以上,500-2000人,财务 审计 海外业务 跨境业务,“国际化平台”,20200226,08:33:35,20200226,00:24
https://www.lagou.com/jobs/6833560.html?show=a22751e0b7844aea9c4aedea71a5c09b,游戏测试主管,科技园,12k-20k,经验3-5年,大专,冰川网络,游戏,上市公司,500-2000人,游戏,“上市公司 免费早班车 平台大 自研自发”,20200226,08:33:35,20200225,00:00
https://www.lagou.com/jobs/6766017.html?show=a22751e0b7844aea9c4aedea71a5c09b,安全leader,南油,20k-40k,经验5-10年,本科,中纺云,企业服务,未融资,500-2000人,安全专家 架构师 高级技术管理,"“五险一金,团建活动,下午茶”",20200226,08:33:35,20200225,00:00
https://www.lagou.com/jobs/6648386.html?show=a22751e0b7844aea9c4aedea71a5c09b,催收专员,南山区,6k-8k,经验1-3年,大专,探物科技,移动互联网,A轮,50-150人,催收 风控,“扁平化管理 弹性上班 下午茶”,20200226,08:33:35,20200225,00:00
https://www.lagou.com/jobs/6739350.html?show=a22751e0b7844aea9c4aedea71a5c09b,速卖通运营（精品）,龙华新区,6k-10k,经验1-3年,大专,第一卫,电商,未融资,500-2000人,跨境电商 运营 海外运营,“提成高 福利好 发展空间大”,20200226,08:33:35,20200225,00:00
https://www.lagou.com/jobs/6822680.html?show=a22751e0b7844aea9c4aedea71a5c09b,客服主管,科技园,7k-14k,经验3-5年,大专,小鹅（小鹅通）,"移动互联网,社交",B轮,150-500人,工具软件 教育 客服管理 绩效管理 团队建设 业务流程管理,“发展前景好 五险一金 年终奖丰厚”,20200226,08:33:36,20200225,00:00
https://www.lagou.com/jobs/6651088.html?show=a22751e0b7844aea9c4aedea71a5c09b,JAVA高级开发工程师/技术专家,深圳湾,25k-50k,经验3-5年,本科,阿里巴巴-B类事业群,电商,上市公司,2000人以上,新零售 后端 服务器端 Java,“国际化业务”,20200226,08:33:36,20200226,00:32
https://www.lagou.com/jobs/6808293.html?show=a22751e0b7844aea9c4aedea71a5c09b,合规经理,深圳湾,8k-15k,经验3-5年,本科,嘉联支付,"金融,移动互联网",未融资,500-2000人,支付,"“五险一金,带薪年假,定期体检,节日福利”",20200226,08:33:36,20200225,00:00
https://www.lagou.com/jobs/5992402.html?show=a22751e0b7844aea9c4aedea71a5c09b,学生平板高级产品经理/产品总监,车公庙,25k-35k,经验5-10年,本科,优学派智慧教育,"教育,移动互联网",未融资,500-2000人,教育 移动互联网 部门管理 战略管理 团队建设 目标管理,“高薪资 大平台 工作餐”,20200226,08:33:36,20200225,00:00
https://www.lagou.com/jobs/6708664.html?show=a22751e0b7844aea9c4aedea71a5c09b,税务总经理 (J10698),科技园,50k-80k,经验10年以上,本科,房多多,"移动互联网,消费生活",上市公司,2000人以上,税务 成本,“全额公积金 商业险 年度体检 双休”,20200226,08:33:36,20200225,00:00
https://www.lagou.com/jobs/6425623.html?show=a22751e0b7844aea9c4aedea71a5c09b,android开发工程师,宝安区,15k-25k,经验3-5年,大专,深圳市耀卓网络科技,游戏,不需要融资,50-150人,Android IOS,“丰厚的季度奖、年终奖、零食下午茶”,20200226,08:33:36,20200225,00:00
https://www.lagou.com/jobs/6451398.html?show=a22751e0b7844aea9c4aedea71a5c09b,架构师,南山区,18k-25k,经验3-5年,本科,航天科创,"企业服务,软件开发",不需要融资,150-500人,移动互联网 系统架构 运维管理 高级技术管理 目标管理,“大平台 前景好”,20200226,08:33:36,20200225,00:00
https://www.lagou.com/jobs/4002350.html?show=a22751e0b7844aea9c4aedea71a5c09b,前端开发工程师,购物公园,10k-15k,经验3-5年,大专,长亮保泰,"企业服务,数据服务",上市公司,2000人以上,HTML5 Node.js 前端开发,“六险一金 绩效奖金 六日双休 年度旅游”,20200226,08:33:36,20200225,00:00
https://www.lagou.com/jobs/5500663.html?show=a22751e0b7844aea9c4aedea71a5c09b,11211G-采购风控管理岗,南山区,10k-15k,经验3-5年,本科,平安科技,金融,不需要融资,2000人以上,风控 审计,"“五险一金,绩效奖金,节日福利”",20200226,08:33:36,20200226,00:00
https://www.lagou.com/jobs/5488492.html?show=a22751e0b7844aea9c4aedea71a5c09b,3611AH-项目经理（PMO 深圳）,福田区,15k-25k,经验3-5年,本科,重庆金融资产交易所,金融,不需要融资,500-2000人,互联网金融 项目管理 过程管理 PMO PMP,"“五险一金,绩效奖金,带薪年假,定期体检”",20200226,08:33:36,20200226,00:00
https://www.lagou.com/jobs/6806258.html?show=a22751e0b7844aea9c4aedea71a5c09b,理财规划师,白石洲,7k-12k,经验1年以下,本科,今玖互联网信息科技,金融,未融资,50-150人,移动互联网,“周末双休 朝九晚六 扁平化管理 五险一金”,20200226,08:34:45,20200225,00:00
https://www.lagou.com/jobs/6502547.html?show=a22751e0b7844aea9c4aedea71a5c09b,项目经理,深圳湾,14k-18k,经验5-10年,本科,新国都,"金融,硬件",上市公司,2000人以上,项目管理,“职业发展，带薪年假”,20200226,08:34:45,20200225,00:00
https://www.lagou.com/jobs/6501057.html?show=a22751e0b7844aea9c4aedea71a5c09b,总账会计主管,深圳湾,20k-25k,经验5-10年,本科,新国都,"金融,硬件",上市公司,2000人以上,会计 总账 上市 税务,“发展空间大，上市公司平台”,20200226,08:34:46,20200225,00:00
https://www.lagou.com/jobs/5184694.html?show=a22751e0b7844aea9c4aedea71a5c09b,PHP高级开发工程师,南山区,20k-30k,经验5-10年,本科,深圳市星尘游戏科技有限公司,游戏,不需要融资,50-150人,后端 Laravel PHP 数据库,“扁平化管理 足够大的平台和数据量”,20200226,08:34:46,20200226,01:46
https://www.lagou.com/jobs/6334443.html?show=a22751e0b7844aea9c4aedea71a5c09b,出纳,西乡,5k-7k,经验1-3年,大专,万师傅,"电商,消费生活",A轮,150-500人,技能培训 岗位晋升 扁平管理 年底双薪,"“五险一金,带薪年假,员工旅游,地铁附近”",20200226,08:34:46,20200225,00:00
https://www.lagou.com/jobs/6062677.html?show=a22751e0b7844aea9c4aedea71a5c09b,医务岗,科技园,10k-20k,经验3-5年,本科,健康阿鹿,"移动互联网,医疗丨健康",不需要融资,50-150人,医疗健康,“上市公司合同 股期权激励 团队有活力”,20200226,08:34:47,20200225,00:00
https://www.lagou.com/jobs/6809372.html?show=a22751e0b7844aea9c4aedea71a5c09b,投融资法务经理,西丽,15k-25k,经验5-10年,本科,琼景科技,电商,A轮,50-150人,电商 资产重组 跨境业务 海外业务 尽职调查,“月度绩效 有机会参与公司期权池”,20200226,08:34:47,20200225,00:00
https://www.lagou.com/jobs/6055416.html?show=a22751e0b7844aea9c4aedea71a5c09b,项目经理/PM,科技园,6k-10k,经验1年以下,本科,易帆互动,"移动互联网,游戏",不需要融资,150-500人,游戏 项目管理 需求分析 文档,“年度旅游、带薪年假、健身房私教”,20200226,08:34:47,20200225,00:00
https://www.lagou.com/jobs/6707817.html?show=a22751e0b7844aea9c4aedea71a5c09b,法务专员,大冲,8k-15k,经验1年以下,本科,小雨伞,"移动互联网,金融",B轮,150-500人,互联网金融,“节日礼物 季度团建 六险一金 年度旅游”,20200226,08:34:48,20200225,00:00
https://www.lagou.com/jobs/6753205.html?show=a22751e0b7844aea9c4aedea71a5c09b,商品运营主管,科技园,10k-15k,经验5-10年,本科,礼娱网络科技,"电商,社交",天使轮,50-150人,电商 品类运营,“双休”,20200226,08:34:48,20200226,01:23
https://www.lagou.com/jobs/5818575.html?show=a22751e0b7844aea9c4aedea71a5c09b,信息安全工程师,前海,20k-30k,经验5-10年,本科,深圳市丰巢科技有限公司,消费生活,A轮,500-2000人,安全,“上升平台”,20200226,08:34:48,20200225,00:00
https://www.lagou.com/jobs/6770730.html?show=a22751e0b7844aea9c4aedea71a5c09b,网络运维工程师,南山医院,20k-30k,经验1-3年,本科,招银网络科技,金融,不需要融资,2000人以上,网络安全 网络运维,“技术领先 金融IT 福利好 工作稳定”,20200226,08:34:49,20200225,00:00
https://www.lagou.com/jobs/6816279.html?show=a22751e0b7844aea9c4aedea71a5c09b,会计兼行政岗,南山医院,15k-25k,经验3-5年,本科,招银网络科技,金融,不需要融资,2000人以上,部门管理,“大平台 行业领先 福利待遇好”,20200226,08:34:49,20200225,00:00
https://www.lagou.com/jobs/5747311.html?show=a22751e0b7844aea9c4aedea71a5c09b,高级测试工程师,大冲,10k-20k,经验3-5年,本科,世联行,企业服务,上市公司,2000人以上,测试 性能测试 功能测试 自动化,“大型上市公司，成熟技术团队，年轻有活力”,20200226,08:34:49,20200225,00:00
https://www.lagou.com/jobs/5152009.html?show=a22751e0b7844aea9c4aedea71a5c09b,大客户销售经理,南油,15k-25k,经验1-3年,大专,观远数据,"企业服务,数据服务",B轮,150-500人,大数据 企业服务 销售 KA,"“赛道好,大牛带路,期权激励,标配Mac”",20200226,08:34:50,20200225,00:00
https://www.lagou.com/jobs/5152009.html?show=a22751e0b7844aea9c4aedea71a5c09b,大客户销售经理,南油,15k-25k,经验1-3年,大专,观远数据,"企业服务,数据服务",B轮,150-500人,大数据 企业服务 销售 KA,"“赛道好,大牛带路,期权激励,标配Mac”",20200226,08:35:02,20200225,00:00
https://www.lagou.com/jobs/6670445.html?show=a22751e0b7844aea9c4aedea71a5c09b,客服专员,沙嘴,6k-10k,经验1-3年,本科,顺丰-丰e足食,"移动互联网,消费生活",上市公司,2000人以上,电商 新零售 电商客服,"“发展空间大,品牌影响大”",20200226,08:35:02,20200225,00:00
https://www.lagou.com/jobs/6765289.html?show=a22751e0b7844aea9c4aedea71a5c09b,海外税务经理,龙岗区,15k-25k,经验5-10年,本科,纵腾网络,"电商,移动互联网",上市公司,2000人以上,跨境业务 海外业务 税务,“发展前景 空间”,20200226,08:35:02,20200225,00:00
https://www.lagou.com/jobs/5654663.html?show=a22751e0b7844aea9c4aedea71a5c09b,HRBP,南山区,15k-20k,经验5-10年,本科,编程猫,"移动互联网,教育",C轮,2000人以上,教育,“垂直领域龙头企业，平台好”,20200226,08:35:02,20200225,00:00
https://www.lagou.com/jobs/6112946.html?show=a22751e0b7844aea9c4aedea71a5c09b,数据分析,上沙,18k-35k,经验1-3年,本科,KLOOK 客路旅行,旅游,D轮及以上,500-2000人,零食水果供应 带薪年假 绩效奖金 扁平管理,“国际化平台、环境舒适、好玩有趣”,20200226,08:35:02,20200226,00:24
https://www.lagou.com/jobs/6794005.html?show=a22751e0b7844aea9c4aedea71a5c09b,测试工程师（中高级）,南山区,12k-24k,经验3-5年,本科,迅策科技,"移动互联网,数据服务",A轮,50-150人,测试 自动化,“行业独角兽”,20200226,08:35:02,20200225,00:00
https://www.lagou.com/jobs/6755734.html?show=a22751e0b7844aea9c4aedea71a5c09b,算法研发工程师（实习）,新安,4k-6k,经验应届毕业生,硕士,Gekko Lab,"数据服务,金融",不需要融资,15-50人,人工智能 NLP 算法,“AI 金融大数据 发展前景”,20200226,08:35:03,20200225,00:00
https://www.lagou.com/jobs/5818144.html?show=a22751e0b7844aea9c4aedea71a5c09b,Python 后端工程师（实习）,新安,6k-12k,经验应届毕业生,本科,Gekko Lab,"数据服务,金融",不需要融资,15-50人,Python Golang 后端 信息检索,"“极客精神,前沿技术,空间大,挑战性”",20200226,08:35:03,20200225,00:00
https://www.lagou.com/jobs/5988160.html?show=a22751e0b7844aea9c4aedea71a5c09b,Python / Golang后端工程师,新安,16k-32k,经验3-5年,本科,Gekko Lab,"数据服务,金融",不需要融资,15-50人,大数据 Python Golang 数据库 分布式,“前沿技术 空间大 挑战性”,20200226,08:35:03,20200225,00:00
https://www.lagou.com/jobs/6650453.html?show=a22751e0b7844aea9c4aedea71a5c09b,Java工程师,科技园,15k-30k,经验3-5年,本科,云安宝,"信息安全,数据服务",A轮,15-50人,云计算 Java 中间件,“地铁口近 周末双休”,20200226,08:35:03,20200226,00:04
https://www.lagou.com/jobs/5910675.html?show=a22751e0b7844aea9c4aedea71a5c09b,实施顾问,深圳湾,15k-25k,经验不限,大专,明源云,电商,上市公司,2000人以上,ERP SAAS CRM,"“精英团队,极客氛围,行业独角兽”",20200226,08:35:03,20200225,00:00
https://www.lagou.com/jobs/6833825.html?show=a22751e0b7844aea9c4aedea71a5c09b,信息安全工程师,新安,20k-40k,经验3-5年,大专,腾盛软件,"金融,数据服务",不需要融资,50-150人,信息安全 互联网金融,“五险一金，高薪待遇，大平台，发展空间大”,20200226,08:35:03,20200225,00:00
https://www.lagou.com/jobs/6808233.html?show=a22751e0b7844aea9c4aedea71a5c09b,行政主管(J13574),福田区,6k-8k,经验3-5年,本科,银雁金融服务,企业服务,不需要融资,2000人以上,部门管理 目标管理,“公司规模 发展空间 薪资待遇”,20200226,08:35:03,20200225,00:00
https://www.lagou.com/jobs/5980058.html?show=a22751e0b7844aea9c4aedea71a5c09b,高级java开发工程师,南山区,20k-35k,经验5-10年,不限,乐刷,移动互联网,C轮,500-2000人,后端,"“五险一金,节假福利,奖金丰厚”",20200226,08:35:03,20200225,00:00
https://www.lagou.com/jobs/6348154.html?show=a22751e0b7844aea9c4aedea71a5c09b,售前总监/高级经理/产品咨询总监,岗厦,30k-50k,经验10年以上,本科,华策,移动互联网,未融资,50-150人,大数据 金融 战略管理,"“五险一金,年终奖,通讯补贴,绩效奖金”",20200226,08:35:03,20200225,00:00
